type,year1+2,year3+4,year5,year6,
basicdaily,144.82,149.90,157.52,167.68
shiftdaily,24.14,24.98,26.25,27.95
weeklyexlsunday,844.79,874.43,918.87,978.14
weeklyinclsunday,965.47,999.34,1050.14,1117.86
workingrestday(mon-sat),241.36,249.83,262.53,279.46
workingrestday(sun),362.05,374.75,393.80,419.20
bankholiday,446.52,462.20,485.70,517.01
overtimeweekday(hourly),30.94,32.03,33.66,35.82
overtimesunday(hourly),55.70,57.65,60.58,64.49
overtimebankholiday(hourly),61.89,64.05,67.32,71.65
privatehireweekday(hourly),27.07,28.02,29.44,31.34
privatehiresunday(hourly),48.73,50.44,53.00,56.42
privatehirebankholiday(hourly),54.24,56.15,59.00,62.81
spreadover(hourly),18.56,19.21,20.19,21.49
