RUNNING BOARD,,,,,,,,,,,
BUS ATHA CLIATH   -   DUBLIN BUS,,,,,,,,,,,
Phibsboro Zone 4,,,,,,,,,,,
Routes 23/24,,,Phibsboro (007),Saturday,,,,,BUS 1,19.10.2025,
,,,,,,,,,,,
Route,,,Place,Arr,Dep,Route,,,Place,Arr,Dep
,,,,,,,,,,,
,Duty,401,Reports at 04:07,,,,,,,,
SPL,,,Departs Garage,,04:15,,,,,,
24,,,Dublin Airport,,04:45,,,,,,
,,,,,,,,,,,
24,,,Merrion Square,,06:00,,,,,,
,,,,,,,,,,,
24,,,Dublin Airport,,07:25,,,,,,
,,,,,,,,,,,
SPL,,,Merrion Square,08:45,,,,,,,
,,,Phibsboro Garage,09:05,,,,,,,
,Finish,Duty,,,,,,,,,
,,,,,,,,,,,
,,,,,,,,,,,
,Duty,451,Reports at 15:52,,,,,,,,
SPL,,,Departs Garage,,15:55,,,,,,
24,,,Merrion Square,,16:20,,,,,,
,,,,,,,,,,,
24,,,Dublin Airport,,18:00,,,,,,
,,,,,,,,,,,
SPL,,,Merrion Square,19:25,,,,,,,
,,,Phibsboro Garage,19:45,,,,,,,
,Finish,Duty,,,,,,,,,
,,,,,,,,,,,
,,,,,,,,,,,
,Duty,472,Reports at 21:22,,,,,,,,
SPL,,,Departs Garage,,21:25,,,,,,
23,,,Merrion Square,,21:45,,,,,,
,,,,,,,,,,,
23,,,Charlestown SC,,23:05,,,,,,
,,,,,,,,,,,
SPL,,,Merrion Square,00:05,,,,,,,
,,,Phibsboro Garage,00:25,,,,,,,
,Duty,472,Takes Bus 10 at 02:57 at Phibsboro Garage,,,,,,,,
,,,,,,,,,,,
,,,,,,,,,,,
,,,,,,,,,,,
,,,,,,,,,,,
RUNNING BOARD,,,,,,,,,,,
BUS ATHA CLIATH   -   DUBLIN BUS,,,,,,,,,,,
Phibsboro Zone 4,,,,,,,,,,,
Routes 23/24,,,Phibsboro (007),Saturday,,,,,BUS 2,19.10.2025,
,,,,,,,,,,,
Route,,,Place,Arr,Dep,Route,,,Place,Arr,Dep
,,,,,,,,,,,
,Duty,402,Reports at 04:27,,,,,,,,
SPL,,,Departs Garage,,04:35,,Duty,418,Takes up at 16:40 Broadstone,,
24,,,Dublin Airport,,05:05,,,,Broadstone (Stop #190),,16:40
,,,,,,24,,,Merrion Square,,17:20
23,,,Merrion Square,,06:15,,,,,,
,,,,,,24,,,Dublin Airport,,18:50
23,,,Charlestown SC,,07:30,,,,,,
,,,Broadstone (Stop #190),08:00,,SPL,,,Merrion Square,20:15,
,Duty,402,Takes Bus 6 at 09:10 at Broadstone,,,,,,Phibsboro Garage,20:35,
,,,,,,,Finish,Duty,,,
,Duty,411,Takes up at 08:00 Broadstone,,,,,,,,
,,,Broadstone (Stop #190),,08:00,,,,,,
24,,,Merrion Square,,08:30,,,,,,
,,,,,,,,,,,
24,,,Dublin Airport,,10:00,,,,,,
,,,,,,,,,,,
23,,,Merrion Square,,11:30,,,,,,
,,,Constitution Hill (Stop #1619),12:05,,,,,,,
,Duty,411,Takes Bus 16 at 13:15 at Broadstone,,,,,,,,
,,,,,,,,,,,
,Duty,417,Takes up at 12:05 Constitution Hill,,,,,,,,
,,,Constitution Hill (Stop #1619),,12:05,,,,,,
23,,,Charlestown SC,,12:50,,,,,,
,,,,,,,,,,,
24,,,Merrion Square,,14:00,,,,,,
,,,,,,,,,,,
24,,,Dublin Airport,,15:40,,,,,,
,,,Broadstone (Stop #190),16:40,,,,,,,
,Duty,417,Takes Bus 18 at 17:40 at Broadstone,,,,,,,,
,,,,,,,,,,,
,,,,,,,,,,,
,,,,,,,,,,,
,,,,,,,,,,,
,,,,,,,,,,,
,,,,,,,,,,,
,,,,,,,,,,,
,,,,,,,,,,,
RUNNING BOARD,,,,,,,,,,,
BUS ATHA CLIATH   -   DUBLIN BUS,,,,,,,,,,,
Phibsboro Zone 4,,,,,,,,,,,
Routes 23/24,,,Phibsboro (007),Saturday,,,,,BUS 3,19.10.2025,
,,,,,,,,,,,
Route,,,Place,Arr,Dep,Route,,,Place,Arr,Dep
,,,,,,,,,,,
,Duty,403,Reports at 04:47,,,,,,,,
SPL,,,Departs Garage,,04:55,,Duty,455,Takes up at 14:55 Constitution Hill,,
24,,,Dublin Airport,,05:25,,,,Constitution Hill (Stop #1619),,14:55
,,,,,,24,,,Dublin Airport,,16:00
23,,,Merrion Square,,06:45,,,,,,
,,,,,,24,,,Merrion Square,,17:40
23,,,Charlestown SC,,08:00,,,,,,
,,,Broadstone (Stop #190),08:30,,SPL,,,Dublin Airport,19:05,
,Duty,403,Takes Bus 17 at 09:52 at Phibsboro Garage,,,,,,Phibsboro Garage,19:35,
,,,,,,,Finish,Duty,,,
,Duty,414,Takes up at 08:30 Broadstone,,,,,,,,
,,,Broadstone (Stop #190),,08:30,,,,,,
24,,,Merrion Square,,09:00,,,,,,
,,,,,,,,,,,
24,,,Dublin Airport,,10:20,,,,,,
,,,,,,,,,,,
23,,,Merrion Square,,11:50,,,,,,
,,,Constitution Hill (Stop #1619),12:25,,,,,,,
,Duty,414,Takes Bus 6 at 13:25 at Constitution Hill,,,,,,,,
,,,,,,,,,,,
,Duty,419,Takes up at 12:25 Constitution Hill,,,,,,,,
,,,Constitution Hill (Stop #1619),,12:25,,,,,,
23,,,Charlestown SC,,13:10,,,,,,
,,,,,,,,,,,
24,,,Merrion Square,,14:20,,,,,,
,,,Constitution Hill (Stop #1619),14:55,,,,,,,
,Duty,419,Takes Bus 6 at 15:55 at Constitution Hill,,,,,,,,
,,,,,,,,,,,
,,,,,,,,,,,
,,,,,,,,,,,
,,,,,,,,,,,
,,,,,,,,,,,
,,,,,,,,,,,
,,,,,,,,,,,
,,,,,,,,,,,
,,,,,,,,,,,
,,,,,,,,,,,
RUNNING BOARD,,,,,,,,,,,
BUS ATHA CLIATH   -   DUBLIN BUS,,,,,,,,,,,
Phibsboro Zone 4,,,,,,,,,,,
Routes 23/24,,,Phibsboro (007),Saturday,,,,,BUS 4,19.10.2025,
,,,,,,,,,,,
Route,,,Place,Arr,Dep,Route,,,Place,Arr,Dep
,,,,,,,,,,,
,Duty,404,Reports at 05:02,,,,,,,,
SPL,,,Departs Garage,,05:10,,Duty,420,Takes up at 17:05 Constitution Hill,,
24,,,Merrion Square,,05:30,,,,Constitution Hill (Stop #1619),,17:05
,,,,,,23,,,Charlestown SC,,17:50
24,,,Dublin Airport,,06:55,,,,,,
,,,,,,24,,,Merrion Square,,19:00
23,,,Merrion Square,,08:15,,,,,,
,,,Constitution Hill (Stop #1619),08:40,,24,,,Dublin Airport,,20:25
,Duty,404,Takes Bus 9 at 09:50 at Constitution Hill,,,,,,,,
,,,,,,SPL,,,Merrion Square,21:45,
,Duty,452,Takes up at 12:05 Constitution Hill,,,,,,Phibsboro Garage,22:05,
,,,Constitution Hill (Stop #1619),,08:40,,Finish,Duty,,,
23,,,Charlestown SC,,09:30,,,,,,
,,,,,,,,,,,
24,,,Merrion Square,,10:40,,,,,,
,,,,,,,,,,,
24,,,Dublin Airport,,12:20,,,,,,
,,,Broadstone (Stop #190),13:20,,,,,,,
,Duty,452,Takes Bus 15 at 16:20 at Broadstone,,,,,,,,
,,,,,,,,,,,
,Duty,423,Takes up at 13:20 Broadstone,,,,,,,,
,,,Broadstone (Stop #190),,13:20,,,,,,
23,,,Merrion Square,,13:50,,,,,,
,,,,,,,,,,,
23,,,Charlestown SC,,15:10,,,,,,
,,,,,,,,,,,
23,,,Merrion Square,,16:30,,,,,,
,,,Constitution Hill (Stop #1619),17:05,,,,,,,
,Duty,423,Takes Bus 17 at 18:05 at Constitution Hill,,,,,,,,
,,,,,,,,,,,
,,,,,,,,,,,
,,,,,,,,,,,
,,,,,,,,,,,
,,,,,,,,,,,
,,,,,,,,,,,
,,,,,,,,,,,
,,,,,,,,,,,
RUNNING BOARD,,,,,,,,,,,
BUS ATHA CLIATH   -   DUBLIN BUS,,,,,,,,,,,
Phibsboro Zone 4,,,,,,,,,,,
Routes 23/24,,,Phibsboro (007),Saturday,,,,,BUS 5,19.10.2025,
,,,,,,,,,,,
Route,,,Place,Arr,Dep,Route,,,Place,Arr,Dep
,,,,,,,,,,,
,Duty,405,Reports at 05:17,,,,,,,,
SPL,,,Departs Garage,,05:25,,,,,,
24,,,Dublin Airport,,05:55,,,,,,
,,,,,,,,,,,
23,,,Merrion Square,,07:15,,,,,,
,,,,,,,,,,,
23,,,Charlestown SC,,08:30,,,,,,
,,,,,,,,,,,
23,,,Merrion Square,,09:30,,,,,,
,,,Constitution Hill (Stop #1619),10:00,,,,,,,
,Duty,405,Takes Bus 10 at 11:20 at Constitution Hill,,,,,,,,
,,,,,,,,,,,
,Duty,457,Takes up at 10:00 Constitution Hill,,,,,,,,
,,,Constitution Hill (Stop #1619),,10:00,,,,,,
23,,,Charlestown SC,,10:50,,,,,,
,,,,,,,,,,,
24,,,Merrion Square,,12:00,,,,,,
,,,,,,,,,,,
24,,,Dublin Airport,,13:40,,,,,,
,,,Broadstone (Stop #190),14:40,,,,,,,
,Duty,457,Takes Bus 13 at 16:35 at Constitution Hill,,,,,,,,
,,,,,,,,,,,
,Duty,453,Takes up at 14:40 Broadstone,,,,,,,,
,,,Broadstone (Stop #190),,14:40,,,,,,
23,,,Merrion Square,,15:10,,,,,,
,,,,,,,,,,,
23,,,Charlestown SC,,16:30,,,,,,
,,,,,,,,,,,
23,,,Merrion Square,,17:50,,,,,,
,,,,,,,,,,,
SPL,,,Charlestown SC,19:10,,,,,,,
,,,Phibsboro Garage,19:35,,,,,,,
,Finish,Duty,,,,,,,,,
,,,,,,,,,,,
,,,,,,,,,,,
,,,,,,,,,,,
,,,,,,,,,,,
RUNNING BOARD,,,,,,,,,,,
BUS ATHA CLIATH   -   DUBLIN BUS,,,,,,,,,,,
Phibsboro Zone 4,,,,,,,,,,,
Routes 23/24,,,Phibsboro (007),Saturday,,,,,BUS 6,19.10.2025,
,,,,,,,,,,,
Route,,,Place,Arr,Dep,Route,,,Place,Arr,Dep
,,,,,,,,,,,
,Duty,406,Reports at 05:22,,,,,,,,
SPL,,,Departs Garage,,05:30,,Duty,419,Takes up at 15:55 Constitution Hill,,
23,,,Charlestown SC,,06:00,,,,Constitution Hill (Stop #1619),,15:55
,,,,,,24,,,Dublin Airport,,17:00
24,,,Merrion Square,,07:00,,,,,,
,,,,,,23,,,Merrion Square,,18:30
24,,,Dublin Airport,,08:20,,,,,,
,,,Broadstone (Stop #190),09:10,,SPL,,,Charlestown SC,19:40,
,Duty,406,Takes Bus 18 at 10:12 at Phibsboro Garage,,,,,,Phibsboro Garage,20:05,
,,,,,,,Finish,Duty,,,
,Duty,402,Takes up at 09:10 Broadstone,,,,,,,,
,,,Broadstone (Stop #190),,09:10,,,,,,
24,,,Merrion Square,,09:40,,,,,,
,,,,,,,,,,,
24,,,Dublin Airport,,11:20,,,,,,
,,,Broadstone (Stop #190),12:20,,,,,,,
,Finish,Duty,,,,,,,,,
,,,,,,,,,,,
,Duty,408,Takes up at 12:20 Broadstone,,,,,,,,
,,,Broadstone (Stop #190),,12:20,,,,,,
23,,,Merrion Square,,12:50,,,,,,
,,,Constitution Hill (Stop #1619),13:25,,,,,,,
,Finish,Duty,,,,,,,,,
,,,,,,,,,,,
,Duty,414,Takes up at 13:25 Constitution Hill,,,,,,,,
,,,Constitution Hill (Stop #1619),,13:25,,,,,,
23,,,Charlestown SC,,14:10,,,,,,
,,,,,,,,,,,
24,,,Merrion Square,,15:20,,,,,,
,,,Constitution Hill (Stop #1619),15:55,,,,,,,
,Finish,Duty,,,,,,,,,
,,,,,,,,,,,
,,,,,,,,,,,
,,,,,,,,,,,
,,,,,,,,,,,
,,,,,,,,,,,
,,,,,,,,,,,
RUNNING BOARD,,,,,,,,,,,
BUS ATHA CLIATH   -   DUBLIN BUS,,,,,,,,,,,
Phibsboro Zone 4,,,,,,,,,,,
Routes 23/24,,,Phibsboro (007),Saturday,,,,,BUS 7,19.10.2025,
,,,,,,,,,,,
Route,,,Place,Arr,Dep,Route,,,Place,Arr,Dep
,,,,,,,,,,,
,Duty,407,Reports at 05:47,,,,,,,,
SPL,,,Departs Garage,,05:55,,Duty,416,Takes up at 16:05 Constitution Hill,,
24,,,Dublin Airport,,06:25,,,,Constitution Hill (Stop #1619),,16:05
,,,,,,23,,,Charlestown SC,,16:50
23,,,Merrion Square,,07:45,,,,,,
,,,,,,23,,,Merrion Square,,18:10
23,,,Charlestown SC,,08:50,,,,,,
,,,Broadstone (Stop #190),09:25,,23,,,Charlestown SC,,19:25
,Duty,407,Takes Bus 11 at 10:30 at Constitution Hill,,,,,,,,
,,,,,,SPL,,,Merrion Square,20:30,
,Duty,455,Takes up at 09:25 Broadstone,,,,,,Phibsboro Garage,20:50,
,,,Broadstone (Stop #190),,09:25,,Finish,Duty,,,
23,,,Merrion Square,,09:50,,,,,,
,,,,,,,,,,,
23,,,Charlestown SC,,11:10,,Duty,473,Reports at 03:07,,
,,,,,,SPL,,,Departs Garage,,03:10
24,,,Merrion Square,,12:20,24,,,Merrion Square,,03:30
,,,Constitution Hill (Stop #1619),12:55,,,,,,,
,Duty,455,Takes Bus 3 at 14:55 at Constitution Hill,,,24,,,Dublin Airport,,04:30
,,,,,,,,,,,
,Duty,420,Takes up at 12:55 Constitution Hill,,,SPL,,,Merrion Square,05:30,
,,,Constitution Hill (Stop #1619),,12:55,,,,Phibsboro Garage,05:50,
24,,,Dublin Airport,,14:00,,Finish,Duty,,,
,,,,,,,,,,,
23,,,Merrion Square,,15:30,,,,,,
,,,Constitution Hill (Stop #1619),16:05,,,,,,,
,Duty,420,Takes Bus 4 at 17:05 at Constitution Hill,,,,,,,,
,,,,,,,,,,,
,,,,,,,,,,,
,,,,,,,,,,,
,,,,,,,,,,,
,,,,,,,,,,,
,,,,,,,,,,,
,,,,,,,,,,,
,,,,,,,,,,,
,,,,,,,,,,,
,,,,,,,,,,,
RUNNING BOARD,,,,,,,,,,,
BUS ATHA CLIATH   -   DUBLIN BUS,,,,,,,,,,,
Phibsboro Zone 4,,,,,,,,,,,
Routes 23/24,,,Phibsboro (007),Saturday,,,,,BUS 8,19.10.2025,
,,,,,,,,,,,
Route,,,Place,Arr,Dep,Route,,,Place,Arr,Dep
,,,,,,,,,,,
,Duty,408,Reports at 05:52,,,,,,,,
SPL,,,Departs Garage,,06:00,,,,,,
23,,,Charlestown SC,,06:30,,,,,,
,,,,,,,,,,,
24,,,Merrion Square,,07:30,,,,,,
,,,,,,,,,,,
24,,,Dublin Airport,,09:00,,,,,,
,,,,,,,,,,,
23,,,Merrion Square,,10:30,,,,,,
,,,Constitution Hill (Stop #1619),11:00,,,,,,,
,Duty,408,Takes Bus 6 at 12:20 at Broadstone,,,,,,,,
,,,,,,,,,,,
,Duty,409,Takes up at 11:00 Constitution Hill,,,,,,,,
,,,Constitution Hill (Stop #1619),,11:00,,,,,,
23,,,Charlestown SC,,11:50,,,,,,
,,,,,,,,,,,
24,,,Merrion Square,,13:00,,,,,,
,,,,,,,,,,,
24,,,Dublin Airport,,14:40,,,,,,
,,,Broadstone (Stop #190),15:40,,,,,,,
,Finish,Duty,,,,,,,,,
,,,,,,,,,,,
,Duty,428,Takes up at 15:40 Broadstone,,,,,,,,
,,,Broadstone (Stop #190),,15:40,,,,,,
23,,,Merrion Square,,16:10,,,,,,
,,,,,,,,,,,
23,,,Charlestown SC,,17:30,,,,,,
,,,,,,,,,,,
24,,,Merrion Square,,18:40,,,,,,
,,,,,,,,,,,
SPL,,,Dublin Airport,20:05,,,,,,,
,,,Phibsboro Garage,20:35,,,,,,,
,Duty,428,Takes Bus 17 at 22:15 at Broadstone,,,,,,,,
,,,,,,,,,,,
,,,,,,,,,,,
,,,,,,,,,,,
,,,,,,,,,,,
RUNNING BOARD,,,,,,,,,,,
BUS ATHA CLIATH   -   DUBLIN BUS,,,,,,,,,,,
Phibsboro Zone 4,,,,,,,,,,,
Routes 23/24,,,Phibsboro (007),Saturday,,,,,BUS 9,19.10.2025,
,,,,,,,,,,,
Route,,,Place,Arr,Dep,Route,,,Place,Arr,Dep
,,,,,,,,,,,
,Duty,409,Reports at 06:02,,,,,,,,
SPL,,,Departs Garage,,06:10,,Duty,415,Takes up at 17:20 Broadstone,,
24,,,Merrion Square,,06:30,,,,Broadstone (Stop #190),,17:20
,,,,,,24,,,Merrion Square,,18:00
24,,,Dublin Airport,,07:55,,,,,,
,,,,,,24,,,Dublin Airport,,19:20
24,,,Merrion Square,,09:20,,,,,,
,,,Constitution Hill (Stop #1619),09:50,,SPL,,,Merrion Square,20:45,
,Duty,409,Takes Bus 8 at 11:00 at Constitution Hill,,,,,,Phibsboro Garage,21:05,
,,,,,,,Finish,Duty,,,
,Duty,404,Takes up at 09:50 Constitution Hill,,,,,,,,
,,,Constitution Hill (Stop #1619),,09:50,,,,,,
24,,,Dublin Airport,,10:40,,Duty,471,Reports at 02:27,,
,,,,,,SPL,,,Departs Garage,,02:30
23,,,Merrion Square,,12:10,24,,,Dublin Airport,,03:00
,,,Constitution Hill (Stop #1619),12:45,,,,,,,
,Finish,Duty,,,,24,,,Merrion Square,,04:00
,,,,,,,,,,,
,Duty,454,Takes up at 12:45 Constitution Hill,,,SPL,,,Dublin Airport,05:00,
,,,Constitution Hill (Stop #1619),,12:45,,,,Phibsboro Garage,05:30,
23,,,Charlestown SC,,13:30,,Finish,Duty,,,
,,,,,,,,,,,
24,,,Merrion Square,,14:40,,,,,,
,,,,,,,,,,,
24,,,Dublin Airport,,16:20,,,,,,
,,,Broadstone (Stop #190),17:20,,,,,,,
,Finish,Duty,,,,,,,,,
,,,,,,,,,,,
,,,,,,,,,,,
,,,,,,,,,,,
,,,,,,,,,,,
,,,,,,,,,,,
,,,,,,,,,,,
,,,,,,,,,,,
,,,,,,,,,,,
,,,,,,,,,,,
,,,,,,,,,,,
RUNNING BOARD,,,,,,,,,,,
BUS ATHA CLIATH   -   DUBLIN BUS,,,,,,,,,,,
Phibsboro Zone 4,,,,,,,,,,,
Routes 23/24,,,Phibsboro (007),Saturday,,,,,BUS 10,19.10.2025,
,,,,,,,,,,,
Route,,,Place,Arr,Dep,Route,,,Place,Arr,Dep
,,,,,,,,,,,
,Duty,410,Reports at 06:22,,,,,,,,
SPL,,,Departs Garage,,06:30,,Duty,425,Takes up at 19:15 Broadstone,,
23,,,Charlestown SC,,07:00,,,,Broadstone (Stop #190),,19:15
,,,,,,23,,,Merrion Square,,19:45
24,,,Merrion Square,,08:00,,,,,,
,,,,,,23,,,Charlestown SC,,21:00
24,,,Dublin Airport,,09:20,,,,,,
,,,,,,24,,,Merrion Square,,22:00
23,,,Merrion Square,,10:50,,,,,,
,,,Constitution Hill (Stop #1619),11:20,,SPL,,,Dublin Airport,23:20,
,Duty,410,Takes Bus 11 at 12:40 at Broadstone,,,,,,Phibsboro Garage,23:50,
,,,,,,,Finish,Duty,,,
,Duty,405,Takes up at 11:20 Constitution Hill,,,,,,,,
,,,Constitution Hill (Stop #1619),,11:20,,,,,,
23,,,Charlestown SC,,12:10,,Duty,472,Reports at 02:57,,
,,,Broadstone (Stop #190),12:50,,SPL,,,Departs Garage,,03:00
,Finish,Duty,,,,24,,,Dublin Airport,,03:30
,,,,,,,,,,,
,Duty,413,Takes up at 12:50 Broadstone,,,24,,,Merrion Square,,04:30
,,,Broadstone (Stop #190),,12:50,,,,,,
24,,,Merrion Square,,13:20,SPL,,,Dublin Airport,05:30,
,,,,,,,,,Phibsboro Garage,06:00,
24,,,Dublin Airport,,15:00,,Finish,Duty,,,
,,,Broadstone (Stop #190),16:00,,,,,,,
,Finish,Duty,,,,,,,,,
,,,,,,,,,,,
,Duty,429,Takes up at 16:00 Broadstone,,,,,,,,
,,,Broadstone (Stop #190),,16:00,,,,,,
24,,,Merrion Square,,16:40,,,,,,
,,,,,,,,,,,
24,,,Dublin Airport,,18:20,,,,,,
,,,Broadstone (Stop #190),19:15,,,,,,,
,Duty,429,Takes Bus 16 at 20:17 at Phibsboro Garage,,,,,,,,
,,,,,,,,,,,
,,,,,,,,,,,
,,,,,,,,,,,
,,,,,,,,,,,
RUNNING BOARD,,,,,,,,,,,
BUS ATHA CLIATH   -   DUBLIN BUS,,,,,,,,,,,
Phibsboro Zone 4,,,,,,,,,,,
Routes 23/24,,,Phibsboro (007),Saturday,,,,,BUS 11,19.10.2025,
,,,,,,,,,,,
Route,,,Place,Arr,Dep,Route,,,Place,Arr,Dep
,,,,,,,,,,,
,Duty,412,Reports at 07:57,,,,,,,,
SPL,,,Departs Garage,,08:05,,Duty,421,Takes up at 18:15 Broadstone,,
24,,,Dublin Airport,,08:40,,,,Broadstone (Stop #190),,18:15
,,,,,,23,,,Merrion Square,,18:50
24,,,Merrion Square,,10:00,,,,,,
,,,Constitution Hill (Stop #1619),10:30,,23,,,Charlestown SC,,19:55
,Duty,412,Takes Bus 12 at 11:30 at Broadstone,,,,,,,,
,,,,,,24,,,Merrion Square,,21:00
,Duty,407,Takes up at 11:20 Constitution Hill,,,,,,Constitution Hill (Stop #1619),21:30,
,,,Constitution Hill (Stop #1619),,10:30,,Finish,Duty,,,
24,,,Dublin Airport,,11:40,,,,,,
,,,Broadstone (Stop #190),12:40,,,Duty,473,Takes up at 21:30 Constitution Hill,,
,Finish,Duty,,,,,,,Constitution Hill (Stop #1619),,21:30
,,,,,,24,,,Dublin Airport,,22:25
,Duty,410,Takes up at 12:40 Broadstone,,,,,,,,
,,,Broadstone (Stop #190),,12:40,24,,,Merrion Square,,23:40
23,,,Merrion Square,,13:10,,,,,,
,,,,,,SPL,,,Dublin Airport,01:00,
23,,,Charlestown SC,,14:30,,,,Phibsboro Garage,01:30,
,,,Broadstone (Stop #190),15:10,,,Duty,473,Takes Bus 7 at 03:07 at Phibsboro Garage,,
,Finish,Duty,,,,,,,,,
,,,,,,,,,,,
,Duty,425,Takes up at 15:10 Broadstone,,,,Duty,474,Reports at 03:27,,
,,,Broadstone (Stop #190),,15:10,SPL,,,Departs Garage,,03:30
24,,,Merrion Square,,15:40,24,,,Dublin Airport,,04:00
,,,,,,,,,,,
24,,,Dublin Airport,,17:20,24,,,Merrion Square,,05:00
,,,Broadstone (Stop #190),18:15,,,,,,,
,Duty,425,Takes Bus 10 at 19:15 at Broadstone,,,SPL,,,Dublin Airport,06:00,
,,,,,,,,,Phibsboro Garage,06:30,
,,,,,,,Finish,Duty,,,
,,,,,,,,,,,
,,,,,,,,,,,
,,,,,,,,,,,
,,,,,,,,,,,
,,,,,,,,,,,
,,,,,,,,,,,
RUNNING BOARD,,,,,,,,,,,
BUS ATHA CLIATH   -   DUBLIN BUS,,,,,,,,,,,
Phibsboro Zone 4,,,,,,,,,,,
Routes 23/24,,,Phibsboro (007),Saturday,,,,,BUS 12,19.10.2025,
,,,,,,,,,,,
Route,,,Place,Arr,Dep,Route,,,Place,Arr,Dep
,,,,,,,,,,,
,Duty,413,Reports at 08:17,,,,,,,,
SPL,,,Departs Garage,,08:25,,Duty,422,Takes up at 18:45 Broadstone,,
23,,,Merrion Square,,08:45,,,,Broadstone (Stop #190),,18:45
,,,,,,23,,,Merrion Square,,19:15
23,,,Charlestown SC,,09:50,,,,,,
,,,,,,23,,,Charlestown SC,,20:30
24,,,Merrion Square,,11:00,,,,,,
,,,Constitution Hill (Stop #1619),11:30,,24,,,Merrion Square,,21:30
,Duty,413,Takes Bus 10 at 12:50 at Broadstone,,,,,,Constitution Hill (Stop #1619),22:00,
,,,,,,,Finish,Duty,,,
,Duty,412,Takes up at 11:30 Constitution Hill,,,,,,,,
,,,Constitution Hill (Stop #1619),,11:30,,Duty,474,Takes up at 22:00 Constitution Hill,,
24,,,Dublin Airport,,12:40,,,,Constitution Hill (Stop #1619),,22:00
,,,,,,24,,,Dublin Airport,,23:05
23,,,Merrion Square,,14:10,,,,,,
,,,,,,SPL,,,Merrion Square,00:20,
23,,,Charlestown SC,,15:30,,,,Phibsboro Garage,00:40,
,,,Broadstone (Stop #190),16:10,,,Duty,474,Takes Bus 11 at 03:27 at Phibsboro Garage,,
,Finish,Duty,,,,,,,,,
,,,,,,,,,,,
,Duty,456,Takes up at 16:10 Broadstone,,,,,,,,
,,,Broadstone (Stop #190),,16:10,,,,,,
23,,,Merrion Square,,16:50,,,,,,
,,,,,,,,,,,
23,,,Charlestown SC,,18:10,,,,,,
,,,Broadstone (Stop #190),18:45,,,,,,,
,Finish,Duty,,,,,,,,,
,,,,,,,,,,,
,,,,,,,,,,,
,,,,,,,,,,,
,,,,,,,,,,,
,,,,,,,,,,,
,,,,,,,,,,,
,,,,,,,,,,,
,,,,,,,,,,,
,,,,,,,,,,,
,,,,,,,,,,,
RUNNING BOARD,,,,,,,,,,,
BUS ATHA CLIATH   -   DUBLIN BUS,,,,,,,,,,,
Phibsboro Zone 4,,,,,,,,,,,
Routes 23/24,,,Phibsboro (007),Saturday,,,,,BUS 13,19.10.2025,
,,,,,,,,,,,
Route,,,Place,Arr,Dep,Route,,,Place,Arr,Dep
,,,,,,,,,,,
,Duty,451,Reports at 08:32,,,,Duty,426,Reports at 19:52,,
SPL,,,Departs Garage,,08:40,SPL,,,Departs Garage,,19:55
23,,,Charlestown SC,,09:10,23,,,Merrion Square,,20:15
,,,,,,,,,,,
24,,,Merrion Square,,10:20,23,,,Charlestown SC,,21:30
,,,,,,,,,,,
24,,,Dublin Airport,,12:00,24,,,Merrion Square,,22:30
,,,Broadstone (Stop #190),13:00,,,,,,,
,Duty,451,Takes Bus 1 at 15:52 at Phibsboro Garage,,,SPL,,,Dublin Airport,23:50,
,,,,,,,,,Phibsboro Garage,00:20,
,Duty,421,Takes up at 13:00 Broadstone,,,,Finish,Duty,,,
,,,Broadstone (Stop #190),,13:00,,,,,,
23,,,Merrion Square,,13:30,,,,,,
,,,,,,,,,,,
23,,,Charlestown SC,,14:50,,,,,,
,,,,,,,,,,,
24,,,Merrion Square,,16:00,,,,,,
,,,Constitution Hill (Stop #1619),16:35,,,,,,,
,Duty,421,Takes Bus 11 at 18:15 at Broadstone,,,,,,,,
,,,,,,,,,,,
,Duty,457,Takes up at 16:35 Constitution Hill,,,,,,,,
,,,Constitution Hill (Stop #1619),,16:35,,,,,,
24,,,Dublin Airport,,17:40,,,,,,
,,,,,,,,,,,
SPL,,,Merrion Square,19:05,,,,,,,
,,,Phibsboro Garage,19:25,,,,,,,
,Finish,Duty,,,,,,,,,
,,,,,,,,,,,
,,,,,,,,,,,
,,,,,,,,,,,
,,,,,,,,,,,
,,,,,,,,,,,
,,,,,,,,,,,
,,,,,,,,,,,
,,,,,,,,,,,
,,,,,,,,,,,
,,,,,,,,,,,
RUNNING BOARD,,,,,,,,,,,
BUS ATHA CLIATH   -   DUBLIN BUS,,,,,,,,,,,
Phibsboro Zone 4,,,,,,,,,,,
Routes 23/24,,,Phibsboro (007),Saturday,,,,,BUS 14,19.10.2025,
,,,,,,,,,,,
Route,,,Place,Arr,Dep,Route,,,Place,Arr,Dep
,,,,,,,,,,,
,Duty,453,Reports at 08:42,,,,,,,,
SPL,,,Departs Garage,,08:50,,Duty,427,Takes up at 19:05 Broadstone,,
23,,,Merrion Square,,09:10,,,,Broadstone (Stop #190),,19:05
,,,,,,24,,,Merrion Square,,19:30
23,,,Charlestown SC,,10:10,,,,,,
,,,,,,24,,,Dublin Airport,,20:55
24,,,Merrion Square,,11:20,,,,,,
,,,Constitution Hill (Stop #1619),11:50,,23,,,Merrion Square,,22:15
,Duty,453,Takes Bus 5 at 14:40 at Broadstone,,,,,,,,
,,,,,,SPL,,,Charlestown SC,23:15,
,Duty,416,Takes up at 11:50 Constitution Hill,,,,,,Phibsboro Garage,23:40,
,,,Constitution Hill (Stop #1619),,11:50,,Finish,Duty,,,
24,,,Dublin Airport,,13:00,,,,,,
,,,,,,,,,,,
23,,,Merrion Square,,14:30,,,,,,
,,,Constitution Hill (Stop #1619),15:05,,,,,,,
,Duty,416,Takes Bus 7 at 16:05 at Constitution Hill,,,,,,,,
,,,,,,,,,,,
,Duty,424,Takes up at 15:05 Constitution Hill,,,,,,,,
,,,Constitution Hill (Stop #1619),,15:05,,,,,,
23,,,Charlestown SC,,15:50,,,,,,
,,,,,,,,,,,
23,,,Merrion Square,,17:10,,,,,,
,,,,,,,,,,,
23,,,Charlestown SC,,18:30,,,,,,
,,,Broadstone (Stop #190),19:05,,,,,,,
,Duty,424,Takes Bus 18 at 20:45 at Broadstone,,,,,,,,
,,,,,,,,,,,
,,,,,,,,,,,
,,,,,,,,,,,
,,,,,,,,,,,
,,,,,,,,,,,
,,,,,,,,,,,
,,,,,,,,,,,
,,,,,,,,,,,
,,,,,,,,,,,
,,,,,,,,,,,
RUNNING BOARD,,,,,,,,,,,
BUS ATHA CLIATH   -   DUBLIN BUS,,,,,,,,,,,
Phibsboro Zone 4,,,,,,,,,,,
Routes 23/24,,,Phibsboro (007),Saturday,,,,,BUS 15,19.10.2025,
,,,,,,,,,,,
Route,,,Place,Arr,Dep,Route,,,Place,Arr,Dep
,,,,,,,,,,,
,Duty,454,Reports at 08:52,,,,Duty,471,Reports at 20:07,,
SPL,,,Departs Garage,,09:00,SPL,,,Departs Garage,,20:10
24,,,Dublin Airport,,09:40,24,,,Merrion Square,,20:30
,,,,,,,,,,,
23,,,Merrion Square,,11:10,24,,,Dublin Airport,,21:55
,,,Constitution Hill (Stop #1619),11:40,,,,,,,
,Duty,454,Takes Bus 9 at 12:45 at Constitution Hill,,,23,,,Merrion Square,,23:20
,,,,,,,,,,,
,Duty,415,Takes up at 11:40 Constitution Hill,,,SPL,,,Charlestown SC,00:20,
,,,Constitution Hill (Stop #1619),,11:40,,,,Phibsboro Garage,00:45,
23,,,Charlestown SC,,12:30,,Duty,471,Takes Bus 9 at 02:27 at Phibsboro Garage,,
,,,,,,,,,,,
24,,,Merrion Square,,13:40,,,,,,
,,,,,,,,,,,
24,,,Dublin Airport,,15:20,,,,,,
,,,Broadstone (Stop #190),16:20,,,,,,,
,Duty,415,Takes Bus 9 at 17:20 at Broadstone,,,,,,,,
,,,,,,,,,,,
,Duty,452,Takes up at 16:20 Broadstone,,,,,,,,
,,,Broadstone (Stop #190),,16:20,,,,,,
24,,,Merrion Square,,17:00,,,,,,
,,,,,,,,,,,
SPL,,,Dublin Airport,18:40,,,,,,,
,,,Phibsboro Garage,19:10,,,,,,,
,Finish,Duty,,,,,,,,,
,,,,,,,,,,,
,,,,,,,,,,,
,,,,,,,,,,,
,,,,,,,,,,,
,,,,,,,,,,,
,,,,,,,,,,,
,,,,,,,,,,,
,,,,,,,,,,,
,,,,,,,,,,,
,,,,,,,,,,,
,,,,,,,,,,,
,,,,,,,,,,,
RUNNING BOARD,,,,,,,,,,,
BUS ATHA CLIATH   -   DUBLIN BUS,,,,,,,,,,,
Phibsboro Zone 4,,,,,,,,,,,
Routes 23/24,,,Phibsboro (007),Saturday,,,,,BUS 16,19.10.2025,
,,,,,,,,,,,
Route,,,Place,Arr,Dep,Route,,,Place,Arr,Dep
,,,,,,,,,,,
,Duty,456,Reports at 09:37,,,,Duty,429,Reports at 20:17,,
SPL,,,Departs Garage,,09:45,SPL,,,Departs Garage,,20:20
23,,,Merrion Square,,10:10,23,,,Merrion Square,,20:45
,,,,,,,,,,,
23,,,Charlestown SC,,11:30,23,,,Charlestown SC,,22:00
,,,,,,,,,,,
24,,,Merrion Square,,12:40,24,,,Merrion Square,,23:00
,,,Constitution Hill (Stop #1619),13:15,,,,,,,
,Duty,456,Takes Bus 12 at 16:10 at Broadstone,,,SPL,,,Dublin Airport,00:20,
,,,,,,,,,Phibsboro Garage,00:50,
,Duty,411,Takes up at 13:15 Constitution Hill,,,,Finish,Duty,,,
,,,Constitution Hill (Stop #1619),,13:15,,,,,,
24,,,Dublin Airport,,14:20,,,,,,
,,,Broadstone (Stop #190),15:20,,,,,,,
,Finish,Duty,,,,,,,,,
,,,,,,,,,,,
,Duty,426,Takes up at 15:20 Broadstone,,,,,,,,
,,,Broadstone (Stop #190),,15:20,,,,,,
23,,,Merrion Square,,15:50,,,,,,
,,,,,,,,,,,
23,,,Charlestown SC,,17:10,,,,,,
,,,,,,,,,,,
SPL,,,Merrion Square,18:20,,,,,,,
,,,Phibsboro Garage,18:40,,,,,,,
,Duty,426,Takes Bus 13 at 19:52 at Phibsboro Garage,,,,,,,,
,,,,,,,,,,,
,,,,,,,,,,,
,,,,,,,,,,,
,,,,,,,,,,,
,,,,,,,,,,,
,,,,,,,,,,,
,,,,,,,,,,,
,,,,,,,,,,,
,,,,,,,,,,,
,,,,,,,,,,,
,,,,,,,,,,,
,,,,,,,,,,,
RUNNING BOARD,,,,,,,,,,,
BUS ATHA CLIATH   -   DUBLIN BUS,,,,,,,,,,,
Phibsboro Zone 4,,,,,,,,,,,
Routes 23/24,,,Phibsboro (007),Saturday,,,,,BUS 17,19.10.2025,
,,,,,,,,,,,
Route,,,Place,Arr,Dep,Route,,,Place,Arr,Dep
,,,,,,,,,,,
,Duty,403,Reports at 09:52,,,,,,,,
SPL,,,Departs Garage,,10:00,,Duty,428,Takes up at 22:15 Broadstone,,
23,,,Charlestown SC,,10:30,,,,Broadstone (Stop #190),,22:15
,,,,,,23,,,Merrion Square,,22:45
24,,,Merrion Square,,11:40,,,,,,
,,,Constitution Hill (Stop #1619),12:15,,SPL,,,Charlestown SC,23:45,
,Finish,Duty,,,,,,,Phibsboro Garage,00:10,
,,,,,,,Finish,Duty,,,
,Duty,418,Takes up at 12:15 Constitution Hill,,,,,,,,
,,,Constitution Hill (Stop #1619),,12:15,,,,,,
24,,,Dublin Airport,,13:20,,,,,,
,,,,,,,,,,,
23,,,Merrion Square,,14:50,,,,,,
,,,Constitution Hill (Stop #1619),15:25,,,,,,,
,Duty,418,Takes Bus 2 at 16:40 at Broadstone,,,,,,,,
,,,,,,,,,,,
,Duty,427,Takes up at 15:25 Constitution Hill,,,,,,,,
,,,Constitution Hill (Stop #1619),,15:25,,,,,,
23,,,Charlestown SC,,16:10,,,,,,
,,,,,,,,,,,
23,,,Merrion Square,,17:30,,,,,,
,,,Constitution Hill (Stop #1619),18:05,,,,,,,
,Duty,427,Takes Bus 14 at 19:05 at Broadstone,,,,,,,,
,,,,,,,,,,,
,Duty,423,Takes up at 18:05 Constitution Hill,,,,,,,,
,,,Constitution Hill (Stop #1619),,18:05,,,,,,
23,,,Charlestown SC,,18:55,,,,,,
,,,,,,,,,,,
24,,,Merrion Square,,20:00,,,,,,
,,,,,,,,,,,
24,,,Dublin Airport,,21:25,,,,,,
,,,Broadstone (Stop #190),22:15,,,,,,,
,Finish,Duty,,,,,,,,,
,,,,,,,,,,,
,,,,,,,,,,,
,,,,,,,,,,,
,,,,,,,,,,,
RUNNING BOARD,,,,,,,,,,,
BUS ATHA CLIATH   -   DUBLIN BUS,,,,,,,,,,,
Phibsboro Zone 4,,,,,,,,,,,
Routes 23/24,,,Phibsboro (007),Saturday,,,,,BUS 18,19.10.2025,
,,,,,,,,,,,
Route,,,Place,Arr,Dep,Route,,,Place,Arr,Dep
,,,,,,,,,,,
,Duty,406,Reports at 10:12,,,,,,,,
SPL,,,Departs Garage,,10:20,,,,,,
24,,,Dublin Airport,,11:00,,,,,,
,,,,,,,,,,,
23,,,Merrion Square,,12:30,,,,,,
,,,Constitution Hill (Stop #1619),13:05,,,,,,,
,Finish,Duty,,,,,,,,,
,,,,,,,,,,,
,Duty,422,Takes up at 13:05 Constitution Hill,,,,,,,,
,,,Constitution Hill (Stop #1619),,13:05,,,,,,
23,,,Charlestown SC,,13:50,,,,,,
,,,,,,,,,,,
24,,,Merrion Square,,15:00,,,,,,
,,,,,,,,,,,
24,,,Dublin Airport,,16:40,,,,,,
,,,Broadstone (Stop #190),17:40,,,,,,,
,Duty,422,Takes Bus 12 at 18:45 at Broadstone,,,,,,,,
,,,,,,,,,,,
,Duty,417,Takes up at 17:40 Broadstone,,,,,,,,
,,,Broadstone (Stop #190),,17:40,,,,,,
24,,,Merrion Square,,18:20,,,,,,
,,,,,,,,,,,
24,,,Dublin Airport,,19:55,,,,,,
,,,Broadstone (Stop #190),20:45,,,,,,,
,Finish,Duty,,,,,,,,,
,,,,,,,,,,,
,Duty,424,Takes up at 20:45 Broadstone,,,,,,,,
,,,Broadstone (Stop #190),,20:45,,,,,,
23,,,Merrion Square,,21:15,,,,,,
,,,,,,,,,,,
23,,,Charlestown SC,,22:30,,,,,,
,,,,,,,,,,,
SPL,,,Merrion Square,23:30,,,,,,,
,,,Phibsboro Garage,23:50,,,,,,,
,Finish,Duty,,,,,,,,,
,,,,,,,,,,,
,,,,,,,,,,,
,,,,,,,,,,,
,,,,,,,,,,,
,,,,,,,,,,,
,,,,,,,,,,,
,,,,,,,,,,,
,,,,,,,,,,,
,,,,,,,,,,,
,,,,,,,,,,,
,,,,,,,,,,,
,,,,,,,,,,,
,,,,,,,,,,,
,,,,,,,,,,,
,,,,,,,,,,,
,,,,,,,,,,,
,,,,,,,,,,,
,,,,,,,,,,,
,,,,,,,,,,,
,,,,,,,,,,,
,,,,,,,,,,,
,,,,,,,,,,,
,,,,,,,,,,,
,,,,,,,,,,,
,,,,,,,,,,,
,,,,,,,,,,,
,,,,,,,,,,,
,,,,,,,,,,,
,,,,,,,,,,,
,,,,,,,,,,,
,,,,,,,,,,,
,,,,,,,,,,,
,,,,,,,,,,,
,,,,,,,,,,,
,,,,,,,,,,,
,,,,,,,,,,,
,,,,,,,,,,,
,,,,,,,,,,,
,,,,,,,,,,,
,,,,,,,,,,,
,,,,,,,,,,,
,,,,,,,,,,,
,,,,,,,,,,,
,,,,,,,,,,,
,,,,,,,,,,,
,,,,,,,,,,,
,,,,,,,,,,,
,,,,,,,,,,,
,,,,,,,,,,,
,,,,,,,,,,,
,,,,,,,,,,,
,,,,,,,,,,,
,,,,,,,,,,,
,,,,,,,,,,,
,,,,,,,,,,,
,,,,,,,,,,,
,,,,,,,,,,,
,,,,,,,,,,,
,,,,,,,,,,,
,,,,,,,,,,,
,,,,,,,,,,,
,,,,,,,,,,,
,,,,,,,,,,,
,,,,,,,,,,,
,,,,,,,,,,,
,,,,,,,,,,,
,,,,,,,,,,,
,,,,,,,,,,,
,,,,,,,,,,,
,,,,,,,,,,,
,,,,,,,,,,,
,,,,,,,,,,,
,,,,,,,,,,,
,,,,,,,,,,,
,,,,,,,,,,,
,,,,,,,,,,,
,,,,,,,,,,,
,,,,,,,,,,,
,,,,,,,,,,,
,,,,,,,,,,,
,,,,,,,,,,,
,,,,,,,,,,,
,,,,,,,,,,,
,,,,,,,,,,,
,,,,,,,,,,,
,,,,,,,,,,,
,,,,,,,,,,,
,,,,,,,,,,,
,,,,,,,,,,,
,,,,,,,,,,,
,,,,,,,,,,,
,,,,,,,,,,,
,,,,,,,,,,,
,,,,,,,,,,,
,,,,,,,,,,,
,,,,,,,,,,,
,,,,,,,,,,,
,,,,,,,,,,,
,,,,,,,,,,,
,,,,,,,,,,,
,,,,,,,,,,,
,,,,,,,,,,,
,,,,,,,,,,,
,,,,,,,,,,,
,,,,,,,,,,,
,,,,,,,,,,,
,,,,,,,,,,,
,,,,,,,,,,,
,,,,,,,,,,,
,,,,,,,,,,,
,,,,,,,,,,,
,,,,,,,,,,,
,,,,,,,,,,,
,,,,,,,,,,,
,,,,,,,,,,,
,,,,,,,,,,,
,,,,,,,,,,,
,,,,,,,,,,,
,,,,,,,,,,,
,,,,,,,,,,,
,,,,,,,,,,,
,,,,,,,,,,,
,,,,,,,,,,,
,,,,,,,,,,,
,,,,,,,,,,,
,,,,,,,,,,,
,,,,,,,,,,,
,,,,,,,,,,,
,,,,,,,,,,,
,,,,,,,,,,,
,,,,,,,,,,,
,,,,,,,,,,,
,,,,,,,,,,,
,,,,,,,,,,,
,,,,,,,,,,,
,,,,,,,,,,,
,,,,,,,,,,,
,,,,,,,,,,,
,,,,,,,,,,,
,,,,,,,,,,,
,,,,,,,,,,,
,,,,,,,,,,,
,,,,,,,,,,,
,,,,,,,,,,,
,,,,,,,,,,,
,,,,,,,,,,,
,,,,,,,,,,,
,,,,,,,,,,,
,,,,,,,,,,,
,,,,,,,,,,,
,,,,,,,,,,,
,,,,,,,,,,,
,,,,,,,,,,,
,,,,,,,,,,,
,,,,,,,,,,,
,,,,,,,,,,,
,,,,,,,,,,,
,,,,,,,,,,,
,,,,,,,,,,,
,,,,,,,,,,,
,,,,,,,,,,,
,,,,,,,,,,,
,,,,,,,,,,,
,,,,,,,,,,,
,,,,,,,,,,,
,,,,,,,,,,,
,,,,,,,,,,,
,,,,,,,,,,,
,,,,,,,,,,,
,,,,,,,,,,,
,,,,,,,,,,,
,,,,,,,,,,,
,,,,,,,,,,,
,,,,,,,,,,,
,,,,,,,,,,,
,,,,,,,,,,,
,,,,,,,,,,,
,,,,,,,,,,,
,,,,,,,,,,,
,,,,,,,,,,,
,,,,,,,,,,,
,,,,,,,,,,,
,,,,,,,,,,,
,,,,,,,,,,,
,,,,,,,,,,,
,,,,,,,,,,,
,,,,,,,,,,,
,,,,,,,,,,,
,,,,,,,,,,,
,,,,,,,,,,,
,,,,,,,,,,,
,,,,,,,,,,,
,,,,,,,,,,,
,,,,,,,,,,,
,,,,,,,,,,,
,,,,,,,,,,,
,,,,,,,,,,,
,,,,,,,,,,,
,,,,,,,,,,,
,,,,,,,,,,,
,,,,,,,,,,,
,,,,,,,,,,,
,,,,,,,,,,,
,,,,,,,,,,,
,,,,,,,,,,,
,,,,,,,,,,,
,,,,,,,,,,,
,,,,,,,,,,,
,,,,,,,,,,,
,,,,,,,,,,,
