RUNNING BOARD,,,,,,,,,,,,,
BUS ATHA CLIATH   -   DUBLIN BUS,,,,,,,,,,,,,
Phibsboro Zone 4,,,,,,,,,,,,,
Routes 23/24,, ,Phibsboro (007),Sunday/Bank Holiday,,,,,BUS 1,19.10.2025,,,
 , , , , , , , , ,, , ,,
Route, , ,Place,Arr,Dep,Route, , ,Place,Arr,Dep,,
 , , , , , , , , , , , ,,
 ,Duty,401,Reports at 04:17, , , ,Duty,412,Reports at 16:17, , ,,
SPL, , ,Departs Garage, ,04:25,SPL, , ,Departs Garage, ,16:25,,
24, , ,Dublin Airport, ,04:55,23, , ,Merrion Square, ,16:45,,
 , , , , , , , , , , , ,,
24, , ,Merrion Square, ,06:00,23, , ,Charlestown SC, ,17:55,,
 , , , , , , , , , , , ,,
24, , ,Dublin Airport, ,07:20,24, , ,Merrion Square, ,19:00,,
 , , , , , , , , , , , ,,
24, , ,Merrion Square, ,08:40,SPL, , ,Dublin Airport,20:25, ,,
 , , ,Constitution Hill (Stop #1619),09:05, , , , ,Phibsboro Garage,20:55, ,,
 ,Finish,Duty, , , , ,Finish,Duty, , , ,,
 , , , , , , , , , , , ,,
 ,Duty,452,Takes up at 09:05 Constitution Hill, , , , , , , , ,,
 , , ,Constitution Hill (Stop #1619), ,09:05, , , , , , ,,
24, , ,Dublin Airport, ,10:20, , , , , , ,,
 , , , , , , , , , , , ,,
23, , ,Merrion Square, ,11:45, , , , , , ,,
 , , ,Constitution Hill (Stop #1619),12:15, , , , , , , ,,
 ,Duty,452,Takes Bus 9 at 13:30 at Constitution Hill, , , , , , , , ,,
 , , , , , , , , , , , ,,
 ,Duty,406,Takes up at 12:15 Constitution Hill, , , , , , , , ,,
 , , ,Constitution Hill (Stop #1619), ,12:15, , , , , , ,,
23, , ,Charlestown SC, ,12:55, , , , , , ,,
 , , , , , , , , , , , ,,
SPL, , ,Merrion Square,14:00, , , , , , , ,,
 , , ,Phibsboro Garage,14:20, , , , , , , ,,
 ,Finish,Duty, , , , , , , , , ,,
 , , , , , , , , , , , ,,
 , , , , , , , , , , , ,,
 , , , , , , , , , , , ,,
 , , , , , , , , , , , ,,
 , , , , , , , , , , , ,,
 , , , , , , , , , , , ,,
 , , , , , , , , , , , ,,
 , , , , , , , , , , , ,,
 , , , , , , , , , , , ,,
 , , , , , , , , , , , ,,
RUNNING BOARD,,,,,,,,,,,,,
BUS ATHA CLIATH   -   DUBLIN BUS,,,,,,,,,,,,,
Phibsboro Zone 4,,,,,,,,,,,,,
Routes 23/24,, ,Phibsboro (007),Sunday/Bank Holiday,,,,,BUS 2,19.10.2025,,,
 , , , , , , , , ,, , ,,
Route, , ,Place,Arr,Dep,Route, , ,Place,Arr,Dep,,
 , , , , , , , , , , , ,,
 ,Duty,402,Reports at 04:47, , , ,Duty,411,Reports at 18:52, , ,,
SPL, , ,Departs Garage, ,04:55,SPL, , ,Departs Garage, ,18:55,,
24, , ,Dublin Airport, ,05:25,23, , ,Charlestown SC, ,19:25,,
 , , , , , , , , , , , ,,
24, , ,Merrion Square, ,06:30,24, , ,Merrion Square, ,20:30,,
 , , , , , , , , ,Constitution Hill (Stop #1619),20:55, ,,
24, , ,Dublin Airport, ,08:00, ,Finish,Duty, , , ,,
 , , , , , , , , , , , ,,
SPL, , ,Merrion Square,09:20, , ,Duty,472,Takes up at 20:55 Constitution Hill, , ,,
 , , ,Phibsboro Garage,09:40, , , , ,Constitution Hill (Stop #1619), ,20:55,,
 ,Finish,Duty, , , ,24, , ,Dublin Airport, ,21:55,,
 , , , , , , , , , , , ,,
 , , , , , ,23, , ,Merrion Square, ,23:20,,
 ,Duty,415,Reports at 13:37, , , , , , , , ,,
SPL, , ,Departs Garage, ,13:40,SPL, , ,Charlestown SC,00:20, ,,
24, , ,Merrion Square, ,14:00, , , ,Phibsboro Garage,00:45, ,,
 , , , , , , ,Duty,472,Takes Bus 8 at 03:07 at Phibsboro Garage, , ,,
24, , ,Dublin Airport, ,15:20, , , , , , ,,
 , , , , , , , , , , , ,,
SPL, , ,Merrion Square,16:45, , , , , , , ,,
 , , ,Phibsboro Garage,17:05, , , , , , , ,,
 ,Duty,415,Takes Bus 4 at 18:07 at Phibsboro Garage, , , , , , , , ,,
 , , , , , , , , , , , ,,
 , , , , , , , , , , , ,,
 , , , , , , , , , , , ,,
 , , , , , , , , , , , ,,
 , , , , , , , , , , , ,,
 , , , , , , , , , , , ,,
 , , , , , , , , , , , ,,
 , , , , , , , , , , , ,,
 , , , , , , , , , , , ,,
 , , , , , , , , , , , ,,
 , , , , , , , , , , , ,,
 , , , , , , , , , , , ,,
 , , , , , , , , , , , ,,
 , , , , , , , , , , , ,,
 , , , , , , , , , , , ,,
RUNNING BOARD,,,,,,,,,,,,,
BUS ATHA CLIATH   -   DUBLIN BUS,,,,,,,,,,,,,
Phibsboro Zone 4,,,,,,,,,,,,,
Routes 23/24,, ,Phibsboro (007),Sunday/Bank Holiday,,,,,BUS 3,19.10.2025,,,
 , , , , , , , , ,, , ,,
Route, , ,Place,Arr,Dep,Route, , ,Place,Arr,Dep,,
 , , , , , , , , , , , ,,
 ,Duty,403,Reports at 05:02, , , ,Duty,414,Reports at 17:37, , ,,
SPL, , ,Departs Garage, ,05:10,SPL, , ,Departs Garage, ,17:40,,
24, , ,Merrion Square, ,05:30,24, , ,Merrion Square, ,18:00,,
 , , , , , , , , , , , ,,
24, , ,Dublin Airport, ,06:45,24, , ,Dublin Airport, ,19:20,,
 , , , , , , , , , , , ,,
24, , ,Merrion Square, ,08:00,23, , ,Merrion Square, ,20:45,,
 , , , , , , , , ,Constitution Hill (Stop #1619),21:10, ,,
SPL, , ,Dublin Airport,09:20, , ,Finish,Duty, , , ,,
 , , ,Phibsboro Garage,09:50, , , , , , , ,,
 ,Duty,403,Takes Bus 6 at 11:00 at Constitution Hill, , , ,Duty,473,Takes up at 21:10 Constitution Hill, , ,,
 , , , , , , , , ,Constitution Hill (Stop #1619), ,21:10,,
 , , , , , ,23, , ,Charlestown SC, ,22:00,,
 , , , , , , , , , , , ,,
 , , , , , ,24, , ,Merrion Square, ,23:00,,
 , , , , , , , , , , , ,,
 , , , , , ,SPL, , ,Dublin Airport,00:20, ,,
 , , , , , , , , ,Phibsboro Garage,00:50, ,,
 , , , , , , ,Duty,473,Takes Bus 7 at 02:57 at Phibsboro Garage, , ,,
 , , , , , , , , , , , ,,
 , , , , , , , , , , , ,,
 , , , , , , , , , , , ,,
 , , , , , , , , , , , ,,
 , , , , , , , , , , , ,,
 , , , , , , , , , , , ,,
 , , , , , , , , , , , ,,
 , , , , , , , , , , , ,,
 , , , , , , , , , , , ,,
 , , , , , , , , , , , ,,
 , , , , , , , , , , , ,,
 , , , , , , , , , , , ,,
 , , , , , , , , , , , ,,
 , , , , , , , , , , , ,,
 , , , , , , , , , , , ,,
 , , , , , , , , , , , ,,
 , , , , , , , , , , , ,,
 , , , , , , , , , , , ,,
RUNNING BOARD,,,,,,,,,,,,,
BUS ATHA CLIATH   -   DUBLIN BUS,,,,,,,,,,,,,
Phibsboro Zone 4,,,,,,,,,,,,,
Routes 23/24,, ,Phibsboro (007),Sunday/Bank Holiday,,,,,BUS 4,19.10.2025,,,
 , , , , , , , , ,, , ,,
Route, , ,Place,Arr,Dep,Route, , ,Place,Arr,Dep,,
 , , , , , , , , , , , ,,
 ,Duty,404,Reports at 05:17, , , ,Duty,415,Reports at 18:07, , ,,
SPL, , ,Departs Garage, ,05:25,SPL, , ,Departs Garage, ,18:10,,
24, , ,Dublin Airport, ,05:55,24, , ,Merrion Square, ,18:30,,
 , , , , , , , , , , , ,,
24, , ,Merrion Square, ,07:00,24, , ,Dublin Airport, ,19:55,,
 , , , , , , , , , , , ,,
SPL, , ,Dublin Airport,08:20, ,23, , ,Merrion Square, ,21:15,,
 , , ,Phibsboro Garage,08:50, , , , ,Constitution Hill (Stop #1619),21:40, ,,
 ,Duty,404,Takes Bus 5 at 10:10 at Constitution Hill, , , ,Finish,Duty, , , ,,
 , , , , , , , , , , , ,,
 , , , , , , ,Duty,474,Takes up at 21:40 Constitution Hill, , ,,
 , , , , , , , , ,Constitution Hill (Stop #1619), ,21:40,,
 , , , , , ,23, , ,Charlestown SC, ,22:30,,
 , , , , , , , , , , , ,,
 , , , , , ,24, , ,Merrion Square, ,23:40,,
 , , , , , , , , , , , ,,
 , , , , , ,SPL, , ,Dublin Airport,01:00, ,,
 , , , , , , , , ,Phibsboro Garage,01:30, ,,
 , , , , , , ,Duty,474,Takes Bus 10 at 03:27 at Phibsboro Garage, , ,,
 , , , , , , , , , , , ,,
 , , , , , , , , , , , ,,
 , , , , , , , , , , , ,,
 , , , , , , , , , , , ,,
 , , , , , , , , , , , ,,
 , , , , , , , , , , , ,,
 , , , , , , , , , , , ,,
 , , , , , , , , , , , ,,
 , , , , , , , , , , , ,,
 , , , , , , , , , , , ,,
 , , , , , , , , , , , ,,
 , , , , , , , , , , , ,,
 , , , , , , , , , , , ,,
 , , , , , , , , , , , ,,
 , , , , , , , , , , , ,,
 , , , , , , , , , , , ,,
 , , , , , , , , , , , ,,
 , , , , , , , , , , , ,,
RUNNING BOARD,,,,,,,,,,,,,
BUS ATHA CLIATH   -   DUBLIN BUS,,,,,,,,,,,,,
Phibsboro Zone 4,,,,,,,,,,,,,
Routes 23/24,, ,Phibsboro (007),Sunday/Bank Holiday,,,,,BUS 5,19.10.2025,,,
 , , , , , , , , ,, , ,,
Route, , ,Place,Arr,Dep,Route, , ,Place,Arr,Dep,,
 , , , , , , , , , , , ,,
 ,Duty,405,Reports at 05:47, , , , , , , , ,,
SPL, , ,Departs Garage, ,05:55, ,Duty,420,Takes up at 16:30 Broadstone, , ,,
24, , ,Dublin Airport, ,06:25, , , ,Broadstone (Stop #190), ,16:30,,
 , , , , , ,24, , ,Merrion Square, ,17:00,,
23, , ,Merrion Square, ,07:40, , , , , , ,,
 , , , , , ,24, , ,Dublin Airport, ,18:20,,
23, , ,Charlestown SC, ,08:40, , , ,Broadstone (Stop #190),19:15, ,,
 , , , , , , ,Duty,420,Takes Bus 12 at 20:30 at Broadstone, , ,,
23, , ,Merrion Square, ,09:40, , , , , , ,,
 , , ,Constitution Hill (Stop #1619),10:10, , ,Duty,416,Takes up at 08:00 Broadstone, , ,,
 ,Duty,405,Takes Bus 12 at 11:30 at Constitution Hill, , , , , ,Broadstone (Stop #190), ,19:15,,
 , , , , , ,23, , ,Merrion Square, ,19:45,,
 ,Duty,404,Takes up at 10:10 Constitution Hill, , , , , , , , ,,
 , , ,Constitution Hill (Stop #1619), ,10:10,23, , ,Charlestown SC, ,21:00,,
23, , ,Charlestown SC, ,10:55, , , , , , ,,
 , , , , , ,24, , ,Merrion Square, ,22:00,,
24, , ,Merrion Square, ,12:00, , , , , , ,,
 , , ,Constitution Hill (Stop #1619),12:30, ,SPL, , ,Dublin Airport,23:25, ,,
 ,Finish,Duty, , , , , , ,Phibsboro Garage,23:55, ,,
 , , , , , , ,Finish,Duty, , , ,,
 ,Duty,454,Takes up at 12:30 Constitution Hill, , , , , , , , ,,
 , , ,Constitution Hill (Stop #1619), ,12:30, , , , , , ,,
24, , ,Dublin Airport, ,13:20, ,Duty,471,Reports at 02:27, , ,,
 , , , , , ,SPL, , ,Departs Garage, ,02:30,,
23, , ,Merrion Square, ,14:45,24, , ,Dublin Airport, ,03:00,,
 , , , , , , , , , , , ,,
23, , ,Charlestown SC, ,15:55,24, , ,Merrion Square, ,04:00,,
 , , ,Broadstone (Stop #190),16:30, , , , , , , ,,
 ,Finish,Duty, , , ,SPL, , ,Dublin Airport,05:00, ,,
 , , , , , , , , ,Phibsboro Garage,05:30, ,,
 , , , , , , ,Finish,Duty, , , ,,
 , , , , , , , , , , , ,,
 , , , , , , , , , , , ,,
 , , , , , , , , , , , ,,
 , , , , , , , , , , , ,,
 , , , , , , , , , , , ,,
 , , , , , , , , , , , ,,
RUNNING BOARD,,,,,,,,,,,,,
BUS ATHA CLIATH   -   DUBLIN BUS,,,,,,,,,,,,,
Phibsboro Zone 4,,,,,,,,,,,,,
Routes 23/24,, ,Phibsboro (007),Sunday/Bank Holiday,,,,,BUS 6,19.10.2025,,,
 , , , , , , , , ,, , ,,
Route, , ,Place,Arr,Dep,Route, , ,Place,Arr,Dep,,
 , , , , , , , , , , , ,,
 ,Duty,406,Reports at 06:47, , , , , , , , ,,
SPL, , ,Departs Garage, ,06:50, ,Duty,455,Takes up at 17:45 Broadstone, , ,,
23, , ,Charlestown SC, ,07:20, , , ,Broadstone (Stop #190), ,17:45,,
 , , , , , ,23, , ,Merrion Square, ,18:15,,
23, , ,Merrion Square, ,08:20, , , , , , ,,
 , , , , , ,SPL, , ,Charlestown SC,19:25, ,,
23, , ,Charlestown SC, ,09:20, , , ,Phibsboro Garage,19:50, ,,
 , , , , , , ,Finish,Duty, , , ,,
24, , ,Merrion Square, ,10:30, , , , , , ,,
 , , ,Constitution Hill (Stop #1619),11:00, , , , , , , ,,
 ,Duty,406,Takes Bus 1 at 12:15 at Constitution Hill, , , , , , , , ,,
 , , , , , , , , , , , ,,
 ,Duty,403,Takes up at 11:00 Constitution Hill, , , , , , , , ,,
 , , ,Constitution Hill (Stop #1619), ,11:00, , , , , , ,,
24, , ,Dublin Airport, ,11:50, , , , , , ,,
 , , ,Broadstone (Stop #190),12:45, , , , , , , ,,
 ,Finish,Duty, , , , , , , , , ,,
 , , , , , , , , , , , ,,
 ,Duty,412,Takes up at 12:45 Broadstone, , , , , , , , ,,
 , , ,Broadstone (Stop #190), ,12:45, , , , , , ,,
23, , ,Merrion Square, ,13:15, , , , , , ,,
 , , , , , , , , , , , ,,
23, , ,Charlestown SC, ,14:25, , , , , , ,,
 , , ,Broadstone (Stop #190),15:00, , , , , , , ,,
 ,Duty,412,Takes Bus 1 at 16:22 at Phibsboro Garage, , , , , , , , ,,
 , , , , , , , , , , , ,,
 ,Duty,417,Takes up at 15:00 Broadstone, , , , , , , , ,,
 , , ,Broadstone (Stop #190), ,15:00, , , , , , ,,
24, , ,Merrion Square, ,15:30, , , , , , ,,
 , , , , , , , , , , , ,,
24, , ,Dublin Airport, ,16:50, , , , , , ,,
 , , ,Broadstone (Stop #190),17:45, , , , , , , ,,
 ,Duty,417,Takes Bus 10 at 19:00 at Broadstone, , , , , , , , ,,
 , , , , , , , , , , , ,,
 , , , , , , , , , , , ,,
 , , , , , , , , , , , ,,
 , , , , , , , , , , , ,,
RUNNING BOARD,,,,,,,,,,,,,
BUS ATHA CLIATH   -   DUBLIN BUS,,,,,,,,,,,,,
Phibsboro Zone 4,,,,,,,,,,,,,
Routes 23/24,, ,Phibsboro (007),Sunday/Bank Holiday,,,,,BUS 7,19.10.2025,,,
 , , , , , , , , ,, , ,,
Route, , ,Place,Arr,Dep,Route, , ,Place,Arr,Dep,,
 , , , , , , , , , , , ,,
 ,Duty,407,Reports at 06:52, , , , , , , , ,,
SPL, , ,Departs Garage, ,07:00, ,Duty,419,Takes up at 19:30 Broadstone, , ,,
24, , ,Merrion Square, ,07:20, , , ,Broadstone (Stop #190), ,19:30,,
 , , , , , ,24, , ,Merrion Square, ,20:00,,
24, , ,Dublin Airport, ,08:40, , , , , , ,,
 , , , , , ,24, , ,Dublin Airport, ,21:25,,
24, , ,Merrion Square, ,10:00, , , , , , ,,
 , , , , , ,23, , ,Merrion Square, ,22:45,,
24, , ,Dublin Airport, ,11:20, , , , , , ,,
 , , ,Broadstone (Stop #190),12:15, ,SPL, , ,Charlestown SC,23:45, ,,
 ,Finish,Duty, , , , , , ,Phibsboro Garage,00:10, ,,
 , , , , , , ,Finish,Duty, , , ,,
 ,Duty,411,Takes up at 12:15 Broadstone, , , , , , , , ,,
 , , ,Broadstone (Stop #190), ,12:15, , , , , , ,,
23, , ,Merrion Square, ,12:45, ,Duty,473,Reports at 02:57, , ,,
 , , , , , ,SPL, , ,Departs Garage, ,03:00,,
23, , ,Charlestown SC, ,13:55,24, , ,Dublin Airport, ,03:30,,
 , , , , , , , , , , , ,,
24, , ,Merrion Square, ,15:00,24, , ,Merrion Square, ,04:30,,
 , , , , , , , , , , , ,,
24, , ,Dublin Airport, ,16:20,SPL, , ,Dublin Airport,05:30, ,,
 , , ,Broadstone (Stop #190),17:15, , , , ,Phibsboro Garage,06:00, ,,
 ,Duty,411,Takes Bus 2 at 18:52 at Phibsboro Garage, , , ,Finish,Duty, , , ,,
 , , , , , , , , , , , ,,
 ,Duty,451,Takes up at 17:15 Broadstone, , , , , , , , ,,
 , , ,Broadstone (Stop #190), ,17:15, , , , , , ,,
23, , ,Merrion Square, ,17:45, , , , , , ,,
 , , , , , , , , , , , ,,
23, , ,Charlestown SC, ,18:55, , , , , , ,,
 , , ,Broadstone (Stop #190),19:30, , , , , , , ,,
 ,Finish,Duty, , , , , , , , , ,,
 , , , , , , , , , , , ,,
 , , , , , , , , , , , ,,
 , , , , , , , , , , , ,,
 , , , , , , , , , , , ,,
 , , , , , , , , , , , ,,
 , , , , , , , , , , , ,,
RUNNING BOARD,,,,,,,,,,,,,
BUS ATHA CLIATH   -   DUBLIN BUS,,,,,,,,,,,,,
Phibsboro Zone 4,,,,,,,,,,,,,
Routes 23/24,, ,Phibsboro (007),Sunday/Bank Holiday,,,,,BUS 8,19.10.2025,,,
 , , , , , , , , ,, , ,,
Route, , ,Place,Arr,Dep,Route, , ,Place,Arr,Dep,,
 , , , , , , , , , , , ,,
 ,Duty,408,Reports at 07:22, , , , , , , , ,,
SPL, , ,Departs Garage, ,07:30, ,Duty,421,Takes up at 21:55 Constitution Hill, , ,,
23, , ,Charlestown SC, ,08:00, , , ,Constitution Hill (Stop #1619), ,21:55,,
 , , , , , ,24, , ,Dublin Airport, ,23:05,,
23, , ,Merrion Square, ,09:00, , , , , , ,,
 , , , , , ,SPL, , ,Merrion Square,00:20, ,,
23, , ,Charlestown SC, ,10:25, , , ,Phibsboro Garage,00:40, ,,
 , , , , , , ,Finish,Duty, , , ,,
24, , ,Merrion Square, ,11:30, , , , , , ,,
 , , ,Constitution Hill (Stop #1619),12:00, , , , , , , ,,
 ,Finish,Duty, , , , ,Duty,472,Reports at 03:07, , ,,
 , , , , , ,SPL, , ,Departs Garage, ,03:10,,
 ,Duty,410,Takes up at 12:00 Constitution Hill, , ,24, , ,Merrion Square, ,03:30,,
 , , ,Constitution Hill (Stop #1619), ,12:00, , , , , , ,,
24, , ,Dublin Airport, ,12:50,24, , ,Dublin Airport, ,04:30,,
 , , , , , , , , , , , ,,
23, , ,Merrion Square, ,14:15,SPL, , ,Merrion Square,05:30, ,,
 , , , , , , , , ,Phibsboro Garage,05:50, ,,
23, , ,Charlestown SC, ,15:25, ,Finish,Duty, , , ,,
 , , , , , , , , , , , ,,
24, , ,Merrion Square, ,16:30, , , , , , ,,
 , , ,Constitution Hill (Stop #1619),17:00, , , , , , , ,,
 ,Duty,410,Takes Bus 13 at 18:00 at Constitution Hill, , , , , , , , ,,
 , , , , , , , , , , , ,,
 ,Duty,413,Takes up at 17:00 Constitution Hill, , , , , , , , ,,
 , , ,Constitution Hill (Stop #1619), ,17:00, , , , , , ,,
24, , ,Dublin Airport, ,17:50, , , , , , ,,
 , , , , , , , , , , , ,,
23, , ,Merrion Square, ,19:15, , , , , , ,,
 , , , , , , , , , , , ,,
23, , ,Charlestown SC, ,20:30, , , , , , ,,
 , , , , , , , , , , , ,,
24, , ,Merrion Square, ,21:30, , , , , , ,,
 , , ,Constitution Hill (Stop #1619),21:55, , , , , , , ,,
 ,Finish,Duty, , , , , , , , , ,,
 , , , , , , , , , , , ,,
 , , , , , , , , , , , ,,
RUNNING BOARD,,,,,,,,,,,,,
BUS ATHA CLIATH   -   DUBLIN BUS,,,,,,,,,,,,,
Phibsboro Zone 4,,,,,,,,,,,,,
Routes 23/24,, ,Phibsboro (007),Sunday/Bank Holiday,,,,,BUS 9,19.10.2025,,,
 , , , , , , , , ,, , ,,
Route, , ,Place,Arr,Dep,Route, , ,Place,Arr,Dep,,
 , , , , , , , , , , , ,,
 ,Duty,409,Reports at 08:42, , , , , , , , ,,
SPL, , ,Departs Garage, ,08:50, , , , , , ,,
24, , ,Dublin Airport, ,09:20, , , , , , ,,
 , , , , , , , , , , , ,,
23, , ,Merrion Square, ,10:45, , , , , , ,,
 , , , , , , , , , , , ,,
23, , ,Charlestown SC, ,11:55, , , , , , ,,
 , , , , , , , , , , , ,,
24, , ,Merrion Square, ,13:00, , , , , , ,,
 , , ,Constitution Hill (Stop #1619),13:30, , , , , , , ,,
 ,Finish,Duty, , , , , , , , , ,,
 , , , , , , , , , , , ,,
 ,Duty,452,Takes up at 13:30 Constitution Hill, , , , , , , , ,,
 , , ,Constitution Hill (Stop #1619), ,13:30, , , , , , ,,
24, , ,Dublin Airport, ,14:20, , , , , , ,,
 , , , , , , , , , , , ,,
23, , ,Merrion Square, ,15:45, , , , , , ,,
 , , ,Constitution Hill (Stop #1619),16:20, , , , , , , ,,
 ,Finish,Duty, , , , , , , , , ,,
 , , , , , , , , , , , ,,
 ,Duty,419,Takes up at 16:20 Constitution Hill, , , , , , , , ,,
 , , ,Constitution Hill (Stop #1619), ,16:20, , , , , , ,,
23, , ,Charlestown SC, ,16:55, , , , , , ,,
 , , , , , , , , , , , ,,
SPL, , ,Merrion Square,18:00, , , , , , , ,,
 , , ,Phibsboro Garage,18:20, , , , , , , ,,
 ,Duty,419,Takes Bus 7 at 19:30 at Broadstone, , , , , , , , ,,
 , , , , , , , , , , , ,,
 , , , , , , , , , , , ,,
 , , , , , , , , , , , ,,
 , , , , , , , , , , , ,,
 , , , , , , , , , , , ,,
 , , , , , , , , , , , ,,
 , , , , , , , , , , , ,,
 , , , , , , , , , , , ,,
 , , , , , , , , , , , ,,
 , , , , , , , , , , , ,,
RUNNING BOARD,,,,,,,,,,,,,
BUS ATHA CLIATH   -   DUBLIN BUS,,,,,,,,,,,,,
Phibsboro Zone 4,,,,,,,,,,,,,
Routes 23/24,, ,Phibsboro (007),Sunday/Bank Holiday,,,,,BUS 10,19.10.2025,,,
 , , , , , , , , ,, , ,,
Route, , ,Place,Arr,Dep,Route, , ,Place,Arr,Dep,,
 , , , , , , , , , , , ,,
 ,Duty,451,Reports at 08:52, , , ,Duty,474,Reports at 03:27, , ,,
SPL, , ,Departs Garage, ,09:00,SPL, , ,Departs Garage, ,03:30,,
24, , ,Merrion Square, ,09:20,24, , ,Dublin Airport, ,04:00,,
 , , , , , , , , , , , ,,
24, , ,Dublin Airport, ,10:50,24, , ,Merrion Square, ,05:00,,
 , , , , , , , , , , , ,,
23, , ,Merrion Square, ,12:15,SPL, , ,Dublin Airport,06:00, ,,
 , , , , , , , , ,Phibsboro Garage,06:30, ,,
23, , ,Charlestown SC, ,13:25, ,Finish,Duty, , , ,,
 , , ,Broadstone (Stop #190),14:00, , , , , , , ,,
 ,Duty,451,Takes Bus 7 at 17:15 at Broadstone, , , , , , , , ,,
 , , , , , , , , , , , ,,
 ,Duty,453,Takes up at 14:00 Broadstone, , , , , , , , ,,
 , , ,Broadstone (Stop #190), ,14:00, , , , , , ,,
24, , ,Merrion Square, ,14:30, , , , , , ,,
 , , , , , , , , , , , ,,
24, , ,Dublin Airport, ,15:50, , , , , , ,,
 , , , , , , , , , , , ,,
23, , ,Merrion Square, ,17:15, , , , , , ,,
 , , , , , , , , , , , ,,
23, , ,Charlestown SC, ,18:25, , , , , , ,,
 , , ,Broadstone (Stop #190),19:00, , , , , , , ,,
 ,Finish,Duty, , , , , , , , , ,,
 , , , , , , , , , , , ,,
 ,Duty,417,Takes up at 19:00 Broadstone, , , , , , , , ,,
 , , ,Broadstone (Stop #190), ,19:00, , , , , , ,,
24, , ,Merrion Square, ,19:30, , , , , , ,,
 , , , , , , , , , , , ,,
24, , ,Dublin Airport, ,20:55, , , , , , ,,
 , , , , , , , , , , , ,,
23, , ,Merrion Square, ,22:15, , , , , , ,,
 , , , , , , , , , , , ,,
SPL, , ,Charlestown SC,23:15, , , , , , , ,,
 , , ,Phibsboro Garage,23:40, , , , , , , ,,
 ,Finish,Duty, , , , , , , , , ,,
 , , , , , , , , , , , ,,
 , , , , , , , , , , , ,,
RUNNING BOARD,,,,,,,,,,,,,
BUS ATHA CLIATH   -   DUBLIN BUS,,,,,,,,,,,,,
Phibsboro Zone 4,,,,,,,,,,,,,
Routes 23/24,, ,Phibsboro (007),Sunday/Bank Holiday,,,,,BUS 11,19.10.2025,,,
 , , , , , , , , ,, , ,,
Route, , ,Place,Arr,Dep,Route, , ,Place,Arr,Dep,,
 , , , , , , , , , , , ,,
 ,Duty,453,Reports at 09:12, , , ,Duty,418,Reports at 19:52, , ,,
SPL, , ,Departs Garage, ,09:20,SPL, , ,Departs Garage, ,19:55,,
24, , ,Dublin Airport, ,09:50,24, , ,Dublin Airport, ,20:25,,
 , , , , , , , , , , , ,,
23, , ,Merrion Square, ,11:15,23, , ,Merrion Square, ,21:45,,
 , , , , , , , , , , , ,,
23, , ,Charlestown SC, ,12:25,23, , ,Charlestown SC, ,23:05,,
 , , ,Broadstone (Stop #190),13:00, , , , , , , ,,
 ,Duty,453,Takes Bus 10 at 14:00 at Broadstone, , ,SPL, , ,Merrion Square,00:05, ,,
 , , , , , , , , ,Phibsboro Garage,00:25, ,,
 ,Duty,413,Takes up at 13:00 Broadstone, , , ,Finish,Duty, , , ,,
 , , ,Broadstone (Stop #190), ,13:00, , , , , , ,,
24, , ,Merrion Square, ,13:30, , , , , , ,,
 , , , , , , , , , , , ,,
24, , ,Dublin Airport, ,14:50, , , , , , ,,
 , , ,Broadstone (Stop #190),15:45, , , , , , , ,,
 ,Duty,413,Takes Bus 8 at 17:00 at Constitution Hill, , , , , , , , ,,
 , , , , , , , , , , , ,,
 ,Duty,418,Takes up at 15:45 Broadstone, , , , , , , , ,,
 , , ,Broadstone (Stop #190), ,15:45, , , , , , ,,
23, , ,Merrion Square, ,16:15, , , , , , ,,
 , , , , , , , , , , , ,,
23, , ,Charlestown SC, ,17:25, , , , , , ,,
 , , , , , , , , , , , ,,
SPL, , ,Merrion Square,18:30, , , , , , , ,,
 , , ,Phibsboro Garage,18:50, , , , , , , ,,
 ,Duty,418,Takes Bus 11 at 19:52 at Phibsboro Garage, , , , , , , , ,,
 , , , , , , , , , , , ,,
 , , , , , , , , , , , ,,
 , , , , , , , , , , , ,,
 , , , , , , , , , , , ,,
 , , , , , , , , , , , ,,
 , , , , , , , , , , , ,,
 , , , , , , , , , , , ,,
 , , , , , , , , , , , ,,
 , , , , , , , , , , , ,,
 , , , , , , , , , , , ,,
RUNNING BOARD,,,,,,,,,,,,,
BUS ATHA CLIATH   -   DUBLIN BUS,,,,,,,,,,,,,
Phibsboro Zone 4,,,,,,,,,,,,,
Routes 23/24,, ,Phibsboro (007),Sunday/Bank Holiday,,,,,BUS 12,19.10.2025,,,
 , , , , , , , , ,, , ,,
Route, , ,Place,Arr,Dep,Route, , ,Place,Arr,Dep,,
 , , , , , , , , , , , ,,
 ,Duty,454,Reports at 09:17, , , , , , , , ,,
SPL, , ,Departs Garage, ,09:25, ,Duty,420,Takes up at 20:30 Broadstone, , ,,
23, , ,Charlestown SC, ,09:55, , , ,Broadstone (Stop #190), ,20:30,,
 , , , , , ,24, , ,Merrion Square, ,21:00,,
24, , ,Merrion Square, ,11:00, , , , , , ,,
 , , ,Constitution Hill (Stop #1619),11:30, ,24, , ,Dublin Airport, ,22:25,,
 ,Duty,454,Takes Bus 5 at 12:30 at Constitution Hill, , , , , , , , ,,
 , , , , , ,SPL, , ,Merrion Square,23:40, ,,
 ,Duty,405,Takes up at 11:30 Constitution Hill, , , , , ,Phibsboro Garage,00:00, ,,
 , , ,Constitution Hill (Stop #1619), ,11:30, ,Finish,Duty, , , ,,
24, , ,Dublin Airport, ,12:20, , , , , , ,,
 , , ,Broadstone (Stop #190),13:15, , , , , , , ,,
 ,Finish,Duty, , , , , , , , , ,,
 , , , , , , , , , , , ,,
 ,Duty,414,Takes up at 13:15 Broadstone, , , , , , , , ,,
 , , ,Broadstone (Stop #190), ,13:15, , , , , , ,,
23, , ,Merrion Square, ,13:45, , , , , , ,,
 , , , , , , , , , , , ,,
23, , ,Charlestown SC, ,14:55, , , , , , ,,
 , , , , , , , , , , , ,,
24, , ,Merrion Square, ,16:00, , , , , , ,,
 , , ,Constitution Hill (Stop #1619),16:35, , , , , , , ,,
 ,Duty,414,Takes Bus 3 at 17:37 at Phibsboro Garage, , , , , , , , ,,
 , , , , , , , , , , , ,,
 ,Duty,421,Takes up at 13:30 Constitution Hill, , , , , , , , ,,
 , , ,Constitution Hill (Stop #1619), ,16:35, , , , , , ,,
24, , ,Dublin Airport, ,17:20, , , , , , ,,
 , , , , , , , , , , , ,,
23, , ,Merrion Square, ,18:45, , , , , , ,,
 , , , , , , , , , , , ,,
23, , ,Charlestown SC, ,19:55, , , , , , ,,
 , , ,Broadstone (Stop #190),20:30, , , , , , , ,,
 ,Duty,421,Takes Bus 8 at 21:55 at Constitution Hill, , , , , , , , ,,
 , , , , , , , , , , , ,,
 , , , , , , , , , , , ,,
 , , , , , , , , , , , ,,
 , , , , , , , , , , , ,,
RUNNING BOARD,,,,,,,,,,,,,
BUS ATHA CLIATH   -   DUBLIN BUS,,,,,,,,,,,,,
Phibsboro Zone 4,,,,,,,,,,,,,
Routes 23/24,, ,Phibsboro (007),Sunday/Bank Holiday,,,,,BUS 13,19.10.2025,,,
 , , , , , , , , ,, , ,,
Route, , ,Place,Arr,Dep,Route, , ,Place,Arr,Dep,,
 , , , , , , , , , , , ,,
 ,Duty,455,Reports at 09:47, , , , , , , , ,,
SPL, , ,Departs Garage, ,09:55, ,Duty,471,Takes up at 20:40 Constitution Hill, , ,,
23, , ,Merrion Square, ,10:15, , , ,Constitution Hill (Stop #1619), ,20:40,,
 , , , , , ,23, , ,Charlestown SC, ,21:30,,
23, , ,Charlestown SC, ,11:25, , , , , , ,,
 , , , , , ,24, , ,Merrion Square, ,22:30,,
24, , ,Merrion Square, ,12:30, , , , , , ,,
 , , , , , ,SPL, , ,Dublin Airport,23:55, ,,
24, , ,Dublin Airport, ,13:50, , , ,Phibsboro Garage,00:25, ,,
 , , ,Broadstone (Stop #190),14:45, , ,Duty,471,Takes Bus 5 at 02:27 at Phibsboro Garage, , ,,
 ,Duty,455,Takes Bus 6 at 17:45 at Broadstone, , , , , , , , ,,
 , , , , , , , , , , , ,,
 ,Duty,416,Takes up at 14:45 Broadstone, , , , , , , , ,,
 , , ,Broadstone (Stop #190), ,14:45, , , , , , ,,
23, , ,Merrion Square, ,15:15, , , , , , ,,
 , , , , , , , , , , , ,,
23, , ,Charlestown SC, ,16:25, , , , , , ,,
 , , , , , , , , , , , ,,
24, , ,Merrion Square, ,17:30, , , , , , ,,
 , , ,Constitution Hill (Stop #1619),18:00, , , , , , , ,,
 ,Duty,416,Takes Bus 5 at 19:15 at Broadstone, , , , , , , , ,,
 , , , , , , , , , , , ,,
 ,Duty,410,Takes up at 18:00 Constitution Hill, , , , , , , , ,,
 , , ,Constitution Hill (Stop #1619), ,18:00, , , , , , ,,
24, , ,Dublin Airport, ,18:50, , , , , , ,,
 , , , , , , , , , , , ,,
23, , ,Merrion Square, ,20:15, , , , , , ,,
 , , ,Constitution Hill (Stop #1619),20:40, , , , , , , ,,
 ,Finish,Duty, , , , , , , , , ,,
 , , , , , , , , , , , ,,
 , , , , , , , , , , , ,,
 , , , , , , , , , , , ,,
 , , , , , , , , , , , ,,
 , , , , , , , , , , , ,,
 , , , , , , , , , , , ,,
 , , , , , , , , , , , ,,
 , , , , , , , , , , , ,,
,,,,,,,,,,,,,
,,,,,,,,,,,,,
,,,,,,,,,,,,,
,,,,,,,,,,,,,
,,,,,,,,,,,,,
,,,,,,,,,,,,,
,,,,,,,,,,,,,
,,,,,,,,,,,,,
,,,,,,,,,,,,,
,,,,,,,,,,,,,
,,,,,,,,,,,,,
,,,,,,,,,,,,,
,,,,,,,,,,,,,
,,,,,,,,,,,,,
,,,,,,,,,,,,,
,,,,,,,,,,,,,
,,,,,,,,,,,,,
,,,,,,,,,,,,,
,,,,,,,,,,,,,
,,,,,,,,,,,,,
,,,,,,,,,,,,,
,,,,,,,,,,,,,
,,,,,,,,,,,,,
,,,,,,,,,,,,,
,,,,,,,,,,,,,
,,,,,,,,,,,,,
,,,,,,,,,,,,,
,,,,,,,,,,,,,
,,,,,,,,,,,,,
,,,,,,,,,,,,,
,,,,,,,,,,,,,
,,,,,,,,,,,,,
,,,,,,,,,,,,,
,,,,,,,,,,,,,
,,,,,,,,,,,,,
,,,,,,,,,,,,,
,,,,,,,,,,,,,
,,,,,,,,,,,,,
,,,,,,,,,,,,,
,,,,,,,,,,,,,
,,,,,,,,,,,,,
,,,,,,,,,,,,,
,,,,,,,,,,,,,
,,,,,,,,,,,,,
,,,,,,,,,,,,,
,,,,,,,,,,,,,
,,,,,,,,,,,,,
,,,,,,,,,,,,,
,,,,,,,,,,,,,
,,,,,,,,,,,,,
,,,,,,,,,,,,,
,,,,,,,,,,,,,
,,,,,,,,,,,,,
,,,,,,,,,,,,,
,,,,,,,,,,,,,
,,,,,,,,,,,,,
,,,,,,,,,,,,,
,,,,,,,,,,,,,
,,,,,,,,,,,,,
,,,,,,,,,,,,,
,,,,,,,,,,,,,
,,,,,,,,,,,,,
,,,,,,,,,,,,,
,,,,,,,,,,,,,
,,,,,,,,,,,,,
,,,,,,,,,,,,,
,,,,,,,,,,,,,
,,,,,,,,,,,,,
,,,,,,,,,,,,,
,,,,,,,,,,,,,
,,,,,,,,,,,,,
,,,,,,,,,,,,,
,,,,,,,,,,,,,
,,,,,,,,,,,,,
,,,,,,,,,,,,,
,,,,,,,,,,,,,
,,,,,,,,,,,,,
,,,,,,,,,,,,,
,,,,,,,,,,,,,
,,,,,,,,,,,,,
,,,,,,,,,,,,,
,,,,,,,,,,,,,
,,,,,,,,,,,,,
,,,,,,,,,,,,,
,,,,,,,,,,,,,
,,,,,,,,,,,,,
,,,,,,,,,,,,,
,,,,,,,,,,,,,
,,,,,,,,,,,,,
,,,,,,,,,,,,,
,,,,,,,,,,,,,
,,,,,,,,,,,,,
,,,,,,,,,,,,,
,,,,,,,,,,,,,
,,,,,,,,,,,,,
,,,,,,,,,,,,,
,,,,,,,,,,,,,
,,,,,,,,,,,,,
,,,,,,,,,,,,,
,,,,,,,,,,,,,
,,,,,,,,,,,,,
,,,,,,,,,,,,,
,,,,,,,,,,,,,
,,,,,,,,,,,,,
,,,,,,,,,,,,,
,,,,,,,,,,,,,
,,,,,,,,,,,,,
,,,,,,,,,,,,,
,,,,,,,,,,,,,
,,,,,,,,,,,,,
,,,,,,,,,,,,,
,,,,,,,,,,,,,
,,,,,,,,,,,,,
,,,,,,,,,,,,,
,,,,,,,,,,,,,
,,,,,,,,,,,,,
,,,,,,,,,,,,,
,,,,,,,,,,,,,
,,,,,,,,,,,,,
,,,,,,,,,,,,,
,,,,,,,,,,,,,
,,,,,,,,,,,,,
,,,,,,,,,,,,,
,,,,,,,,,,,,,
,,,,,,,,,,,,,
,,,,,,,,,,,,,
,,,,,,,,,,,,,
,,,,,,,,,,,,,
,,,,,,,,,,,,,
,,,,,,,,,,,,,
,,,,,,,,,,,,,
,,,,,,,,,,,,,
,,,,,,,,,,,,,
,,,,,,,,,,,,,
,,,,,,,,,,,,,
,,,,,,,,,,,,,
,,,,,,,,,,,,,
,,,,,,,,,,,,,
,,,,,,,,,,,,,
,,,,,,,,,,,,,
,,,,,,,,,,,,,
,,,,,,,,,,,,,
,,,,,,,,,,,,,
,,,,,,,,,,,,,
,,,,,,,,,,,,,
,,,,,,,,,,,,,
,,,,,,,,,,,,,
,,,,,,,,,,,,,
,,,,,,,,,,,,,
,,,,,,,,,,,,,
,,,,,,,,,,,,,
,,,,,,,,,,,,,
,,,,,,,,,,,,,
,,,,,,,,,,,,,
,,,,,,,,,,,,,
,,,,,,,,,,,,,
,,,,,,,,,,,,,
,,,,,,,,,,,,,
,,,,,,,,,,,,,
,,,,,,,,,,,,,
,,,,,,,,,,,,,
,,,,,,,,,,,,,
,,,,,,,,,,,,,
,,,,,,,,,,,,,
,,,,,,,,,,,,,
,,,,,,,,,,,,,
,,,,,,,,,,,,,
,,,,,,,,,,,,,
,,,,,,,,,,,,,
,,,,,,,,,,,,,
,,,,,,,,,,,,,
,,,,,,,,,,,,,
,,,,,,,,,,,,,
,,,,,,,,,,,,,
,,,,,,,,,,,,,
,,,,,,,,,,,,,
,,,,,,,,,,,,,
,,,,,,,,,,,,,
,,,,,,,,,,,,,
,,,,,,,,,,,,,
,,,,,,,,,,,,,
,,,,,,,,,,,,,
,,,,,,,,,,,,,
,,,,,,,,,,,,,
,,,,,,,,,,,,,
,,,,,,,,,,,,,
,,,,,,,,,,,,,
,,,,,,,,,,,,,
,,,,,,,,,,,,,
,,,,,,,,,,,,,
,,,,,,,,,,,,,
,,,,,,,,,,,,,
,,,,,,,,,,,,,
,,,,,,,,,,,,,
,,,,,,,,,,,,,
,,,,,,,,,,,,,
,,,,,,,,,,,,,
,,,,,,,,,,,,,
,,,,,,,,,,,,,
,,,,,,,,,,,,,
,,,,,,,,,,,,,
,,,,,,,,,,,,,
,,,,,,,,,,,,,
,,,,,,,,,,,,,
,,,,,,,,,,,,,
,,,,,,,,,,,,,
,,,,,,,,,,,,,
,,,,,,,,,,,,,
,,,,,,,,,,,,,
,,,,,,,,,,,,,
,,,,,,,,,,,,,
,,,,,,,,,,,,,
,,,,,,,,,,,,,
,,,,,,,,,,,,,
,,,,,,,,,,,,,
,,,,,,,,,,,,,
,,,,,,,,,,,,,
,,,,,,,,,,,,,
,,,,,,,,,,,,,
,,,,,,,,,,,,,
,,,,,,,,,,,,,
,,,,,,,,,,,,,
,,,,,,,,,,,,,
,,,,,,,,,,,,,
,,,,,,,,,,,,,
,,,,,,,,,,,,,
,,,,,,,,,,,,,
,,,,,,,,,,,,,
,,,,,,,,,,,,,
,,,,,,,,,,,,,
,,,,,,,,,,,,,
,,,,,,,,,,,,,
,,,,,,,,,,,,,
,,,,,,,,,,,,,
,,,,,,,,,,,,,
,,,,,,,,,,,,,
,,,,,,,,,,,,,
,,,,,,,,,,,,,
,,,,,,,,,,,,,
,,,,,,,,,,,,,
,,,,,,,,,,,,,
,,,,,,,,,,,,,
,,,,,,,,,,,,,
,,,,,,,,,,,,,
,,,,,,,,,,,,,
,,,,,,,,,,,,,
,,,,,,,,,,,,,
,,,,,,,,,,,,,
,,,,,,,,,,,,,
,,,,,,,,,,,,,
,,,,,,,,,,,,,
,,,,,,,,,,,,,
,,,,,,,,,,,,,
,,,,,,,,,,,,,
,,,,,,,,,,,,,
,,,,,,,,,,,,,
,,,,,,,,,,,,,
,,,,,,,,,,,,,
,,,,,,,,,,,,,
,,,,,,,,,,,,,
,,,,,,,,,,,,,
,,,,,,,,,,,,,
,,,,,,,,,,,,,
,,,,,,,,,,,,,
,,,,,,,,,,,,,
,,,,,,,,,,,,,
,,,,,,,,,,,,,
,,,,,,,,,,,,,
,,,,,,,,,,,,,
,,,,,,,,,,,,,
,,,,,,,,,,,,,
,,,,,,,,,,,,,
,,,,,,,,,,,,,
,,,,,,,,,,,,,
,,,,,,,,,,,,,
,,,,,,,,,,,,,
,,,,,,,,,,,,,
,,,,,,,,,,,,,
,,,,,,,,,,,,,
,,,,,,,,,,,,,
,,,,,,,,,,,,,
,,,,,,,,,,,,,
,,,,,,,,,,,,,
,,,,,,,,,,,,,
,,,,,,,,,,,,,
,,,,,,,,,,,,,
,,,,,,,,,,,,,
,,,,,,,,,,,,,
,,,,,,,,,,,,,
,,,,,,,,,,,,,
,,,,,,,,,,,,,
,,,,,,,,,,,,,
,,,,,,,,,,,,,
,,,,,,,,,,,,,
,,,,,,,,,,,,,
,,,,,,,,,,,,,
,,,,,,,,,,,,,
,,,,,,,,,,,,,
,,,,,,,,,,,,,
,,,,,,,,,,,,,
,,,,,,,,,,,,,
,,,,,,,,,,,,,
,,,,,,,,,,,,,
,,,,,,,,,,,,,
,,,,,,,,,,,,,
,,,,,,,,,,,,,
,,,,,,,,,,,,,
,,,,,,,,,,,,,
,,,,,,,,,,,,,
,,,,,,,,,,,,,
,,,,,,,,,,,,,
,,,,,,,,,,,,,
,,,,,,,,,,,,,
,,,,,,,,,,,,,
,,,,,,,,,,,,,
,,,,,,,,,,,,,
,,,,,,,,,,,,,
,,,,,,,,,,,,,
,,,,,,,,,,,,,
,,,,,,,,,,,,,
,,,,,,,,,,,,,
,,,,,,,,,,,,,
,,,,,,,,,,,,,
,,,,,,,,,,,,,
,,,,,,,,,,,,,
,,,,,,,,,,,,,
,,,,,,,,,,,,,
,,,,,,,,,,,,,
,,,,,,,,,,,,,
,,,,,,,,,,,,,
,,,,,,,,,,,,,
,,,,,,,,,,,,,
,,,,,,,,,,,,,
,,,,,,,,,,,,,
,,,,,,,,,,,,,
,,,,,,,,,,,,,
,,,,,,,,,,,,,
,,,,,,,,,,,,,
,,,,,,,,,,,,,
,,,,,,,,,,,,,
,,,,,,,,,,,,,
,,,,,,,,,,,,,
,,,,,,,,,,,,,
,,,,,,,,,,,,,
,,,,,,,,,,,,,
,,,,,,,,,,,,,
,,,,,,,,,,,,,
,,,,,,,,,,,,,
,,,,,,,,,,,,,
,,,,,,,,,,,,,
,,,,,,,,,,,,,
,,,,,,,,,,,,,
,,,,,,,,,,,,,
,,,,,,,,,,,,,
,,,,,,,,,,,,,
,,,,,,,,,,,,,
,,,,,,,,,,,,,
,,,,,,,,,,,,,
,,,,,,,,,,,,,
,,,,,,,,,,,,,
,,,,,,,,,,,,,
,,,,,,,,,,,,,
,,,,,,,,,,,,,
,,,,,,,,,,,,,
,,,,,,,,,,,,,
,,,,,,,,,,,,,
,,,,,,,,,,,,,
,,,,,,,,,,,,,
,,,,,,,,,,,,,
,,,,,,,,,,,,,
,,,,,,,,,,,,,
,,,,,,,,,,,,,
,,,,,,,,,,,,,
,,,,,,,,,,,,,
,,,,,,,,,,,,,
,,,,,,,,,,,,,
,,,,,,,,,,,,,
,,,,,,,,,,,,,
,,,,,,,,,,,,,
,,,,,,,,,,,,,
,,,,,,,,,,,,,
,,,,,,,,,,,,,
,,,,,,,,,,,,,
,,,,,,,,,,,,,
,,,,,,,,,,,,,
,,,,,,,,,,,,,
,,,,,,,,,,,,,
,,,,,,,,,,,,,
,,,,,,,,,,,,,
,,,,,,,,,,,,,
,,,,,,,,,,,,,
,,,,,,,,,,,,,
,,,,,,,,,,,,,
,,,,,,,,,,,,,
,,,,,,,,,,,,,
,,,,,,,,,,,,,
,,,,,,,,,,,,,
,,,,,,,,,,,,,
,,,,,,,,,,,,,
,,,,,,,,,,,,,
,,,,,,,,,,,,,
,,,,,,,,,,,,,
,,,,,,,,,,,,,
,,,,,,,,,,,,,
,,,,,,,,,,,,,
,,,,,,,,,,,,,
,,,,,,,,,,,,,
,,,,,,,,,,,,,
,,,,,,,,,,,,,
,,,,,,,,,,,,,
,,,,,,,,,,,,,
,,,,,,,,,,,,,
,,,,,,,,,,,,,
,,,,,,,,,,,,,
,,,,,,,,,,,,,
,,,,,,,,,,,,,
,,,,,,,,,,,,,
,,,,,,,,,,,,,
,,,,,,,,,,,,,
,,,,,,,,,,,,,
,,,,,,,,,,,,,
,,,,,,,,,,,,,
,,,,,,,,,,,,,
,,,,,,,,,,,,,
,,,,,,,,,,,,,
,,,,,,,,,,,,,
,,,,,,,,,,,,,
,,,,,,,,,,,,,
