shift,duty,report,depart,location,startbreak,startbreaklocation,breakreport,finishbreak,finishbreaklocation,finish,finishlocation,signoff,spread,work,relief
PZ2/01,007201,05:22:00,05:30:00,Garage,WORKOUT,nan,nan,nan,nan,10:15:00,MISQ,10:31:00,05:09:00,05:09:00,00:00:00
PZ2/02,007202,05:42:00,05:50:00,Garage,08:10:00,Garage,09:45:00,09:45:00,Garage,13:00:00,MISQ,13:16:00,07:34:00,05:59:00,01:35:00
PZ2/03,007203,05:52:00,06:00:00,Garage,WORKOUT,nan,nan,nan,nan,11:30:00,MISQ,11:46:00,05:54:00,05:54:00,00:00:00
PZ2/04,007204,06:02:00,06:10:00,Garage,11:02:00,MISQ,11:55:00,12:00:00,MISQ,15:25:00,Garage,15:25:00,09:23:00,08:30:00,00:53:00
PZ2/05,007205,06:07:00,06:15:00,Garage,09:17:00,MISQ,10:10:00,10:15:00,MISQ,13:15:00,MISQ,13:31:00,07:24:00,06:31:00,00:53:00
PZ2/06,007206,06:22:00,06:30:00,Garage,11:20:00,MISQ,12:44:00,13:00:00,Garage,15:15:00,MISQ,15:31:00,09:09:00,07:45:00,01:24:00
PZ2/07,007207,06:27:00,06:35:00,Garage,09:35:00,MISQ,11:10:00,11:15:00,MISQ,14:30:00,MISQ,14:46:00,08:19:00,06:44:00,01:35:00
PZ2/08,007208,06:47:00,06:55:00,Garage,09:50:00,MISQ,10:55:00,11:00:00,MISQ,14:15:00,MISQ,14:31:00,07:44:00,06:39:00,01:05:00
PZ2/09,007209,07:27:00,07:35:00,Garage,10:32:00,MISQ,11:25:00,11:30:00,MISQ,14:45:00,MISQ,15:01:00,07:34:00,06:41:00,00:53:00
PZ2/10,007210,08:27:00,08:35:00,Garage,WORKOUT,nan,nan,nan,nan,14:00:00,MISQ,14:16:00,05:49:00,05:49:00,00:00:00
PZ2/11,007211,08:37:00,08:45:00,Garage,12:05:00,MISQ,13:40:00,13:45:00,MISQ,16:05:00,Garage,16:05:00,07:28:00,05:53:00,01:35:00
PZ2/12,007212,09:22:00,09:30:00,Garage,WORKOUT,nan,nan,nan,nan,15:00:00,MISQ,15:16:00,05:54:00,05:54:00,00:00:00
PZ2/13,007213,11:56:00,12:15:00,MISQ,15:45:00,MISQ,17:44:00,18:00:00,MISQ,20:45:00,MISQ,21:01:00,09:05:00,07:06:00,01:59:00
PZ2/14,007214,12:11:00,12:30:00,MISQ,15:50:00,MISQ,17:10:00,17:15:00,MISQ,20:15:00,MISQ,20:31:00,08:20:00,07:00:00,01:20:00
PZ2/15,007215,12:41:00,13:00:00,MISQ,16:20:00,MISQ,18:25:00,18:30:00,MISQ,21:15:00,MISQ,21:31:00,08:50:00,06:45:00,02:05:00
PZ2/16,007216,12:42:00,12:45:00,MISQ,16:05:00,MISQ,17:25:00,17:30:00,MISQ,20:35:00,Garage,20:35:00,07:53:00,06:33:00,01:20:00
PZ2/17,007217,13:12:00,13:15:00,Garage,16:50:00,MISQ,18:10:00,18:15:00,MISQ,21:00:00,MISQ,21:16:00,08:04:00,06:44:00,01:20:00
PZ2/18,007218,14:11:00,14:30:00,MISQ,17:35:00,MISQ,18:40:00,18:45:00,MISQ,21:30:00,MISQ,21:46:00,07:35:00,06:30:00,01:05:00
PZ2/19,007219,14:41:00,15:00:00,MISQ,18:20:00,MISQ,19:10:00,19:15:00,MISQ,00:05:00,Garage,00:05:00,09:24:00,08:34:00,00:50:00
PZ2/20,007220,14:56:00,15:15:00,MISQ,18:35:00,MISQ,19:40:00,19:45:00,MISQ,00:30:00,Garage,00:30:00,09:34:00,08:29:00,01:05:00
PZ2/21,007221,15:12:00,15:15:00,Garage,18:50:00,MISQ,19:55:00,20:00:00,MISQ,01:00:00,Garage,01:00:00,09:48:00,08:43:00,01:05:00
PZ2/22,007222,15:26:00,15:45:00,MISQ,19:05:00,MISQ,20:10:00,20:15:00,MISQ,01:15:00,Garage,01:15:00,09:49:00,08:44:00,01:05:00
PZ2/23,007223,15:41:00,16:00:00,MISQ,19:20:00,MISQ,20:55:00,21:00:00,MISQ,00:00:00,Garage,00:00:00,08:19:00,06:44:00,01:35:00
PZ2/24,007224,15:42:00,15:45:00,Garage,18:05:00,MISQ,19:25:00,19:30:00,MISQ,00:40:00,Garage,00:40:00,08:58:00,07:38:00,01:20:00
PZ2/25,007225,15:56:00,16:15:00,MISQ,19:30:00,MISQ,20:25:00,20:30:00,MISQ,01:25:00,Garage,01:25:00,09:29:00,08:34:00,00:55:00
PZ2/26,007226,16:11:00,16:30:00,MISQ,19:50:00,MISQ,20:40:00,20:45:00,MISQ,23:05:00,Garage,23:05:00,06:54:00,06:04:00,00:50:00
PZ2/27,007227,16:26:00,16:45:00,MISQ,19:05:00,Garage,20:45:00,20:45:00,Garage,00:45:00,Garage,00:45:00,08:19:00,06:39:00,01:40:00
PZ2/28,007228,16:42:00,16:45:00,Garage,20:05:00,MISQ,21:10:00,21:15:00,MISQ,00:15:00,Garage,00:15:00,07:33:00,06:28:00,01:05:00
PZ2/29,007229,17:26:00,17:45:00,MISQ,20:35:00,MISQ,21:25:00,21:30:00,MISQ,00:25:00,Garage,00:25:00,06:59:00,06:09:00,00:50:00
PZ2/30,007230,18:41:00,19:00:00,MISQ,WORKOUT,nan,nan,nan,nan,00:30:00,Garage,00:30:00,05:49:00,05:49:00,00:00:00
PZ2/1X,007251,08:56:00,09:15:00,MISQ,12:17:00,MISQ,13:10:00,13:15:00,MISQ,16:30:00,MISQ,16:46:00,07:50:00,06:57:00,00:53:00
PZ2/2X,007252,09:11:00,09:30:00,MISQ,12:35:00,MISQ,13:55:00,14:00:00,MISQ,17:20:00,Garage,17:20:00,08:09:00,06:49:00,01:20:00
PZ2/3X,007253,09:26:00,09:45:00,MISQ,12:50:00,MISQ,14:10:00,14:15:00,MISQ,17:15:00,MISQ,17:31:00,08:05:00,06:45:00,01:20:00
PZ2/4X,007254,10:11:00,10:30:00,MISQ,13:47:00,MISQ,14:40:00,14:45:00,MISQ,17:45:00,MISQ,18:01:00,07:50:00,06:57:00,00:53:00
